candidate_id,candidate_name,role_id,stage,stage_entered_at,stage_exited_at,availability_date,last_contacted_date,skills,location
C6485442,Skyler Lind,R001,sourced,2026-01-06 13:00:00,2026-01-08 14:00:00,2026-04-22,2026-01-07,"Airflow, Azure, FastAPI, GCP, Python, Snowflake, Spark",Uppsala
C6485442,Casey Persson,R001,rejected,2026-01-08 14:00:00,,2026-04-22,2026-01-07,"AWS, Excel, Kubernetes, PostgreSQL, React, Spark",Gothenburg
C4714164,Cameron Andersson,R003,sourced,2026-03-01 10:00:00,2026-03-01 10:00:00,2026-05-07,2026-03-21,"AWS, Node, Pandas, React, Spark",Gothenburg
C4714164,Robin Nilsson,R003,screened,2026-03-01 10:00:00,2026-03-06 15:00:00,2026-05-07,2026-03-21,"Azure, Excel, FastAPI, Kubernetes, Pandas, React, SQL, Snowflake",Remote
C4714164,Taylor Olsson,R003,rejected,2026-03-06 15:00:00,,2026-05-07,2026-03-21,"Excel, FastAPI, GCP, Tableau",Stockholm
C0756550,Robin Berg,R005,sourced,2026-03-11 15:00:00,2026-03-11 15:00:00,2026-04-16,2026-03-29,"PostgreSQL, Power BI, Python, React",Remote
C0756550,Alex Johansson,R005,screened,2026-03-11 15:00:00,2026-03-18 16:00:00,2026-04-16,2026-03-29,"AWS, GCP, Kubernetes, Pandas, Snowflake, Spark",Remote
C0756550,Quinn Persson,R005,interview,2026-03-18 16:00:00,2026-03-26 16:00:00,2026-04-16,2026-03-29,"AWS, Docker, Excel, Looker, Pandas, PostgreSQL, React",Remote
C0756550,Robin Nilsson,R005,rejected,2026-03-26 16:00:00,,2026-04-16,2026-03-29,"Airflow, Kubernetes, Looker, Pandas, Power BI",Uppsala
C3939464,Sam Eriksson,R003,sourced,2026-02-25 15:00:00,2026-02-26 21:00:00,2026-06-21,2026-03-04,"AWS, Azure, Excel, Node, Power BI, Python, Spark",Remote
C3939464,Skyler Olsson,R003,rejected,2026-02-26 21:00:00,,2026-06-21,2026-03-04,"AWS, Looker, Node, SQL",Remote
C3615066,Sam Olsson,R006,sourced,2026-01-29 15:00:00,2026-01-29 15:00:00,2026-03-19,2026-02-21,"Docker, Excel, GCP, React, Spark, Tableau, dbt",Uppsala
C3615066,Jordan Karlsson,R006,screened,2026-01-29 15:00:00,2026-01-30 18:00:00,2026-03-19,2026-02-21,"Azure, GCP, Looker, Pandas, Python, SQL, Tableau",Remote
C3615066,Sam Lind,R006,interview,2026-01-30 18:00:00,2026-02-05 20:00:00,2026-03-19,2026-02-21,"AWS, Airflow, FastAPI, Looker, SQL, Spark",Uppsala
C3615066,Cameron Persson,R006,offer,2026-02-05 20:00:00,2026-02-07 22:00:00,2026-03-19,2026-02-21,"Airflow, Excel, Kubernetes, Pandas",Gothenburg
C3615066,Taylor Olsson,R006,hired,2026-02-07 22:00:00,,2026-03-19,2026-02-21,"Azure, Looker, Node, PostgreSQL, Python, Snowflake, Spark, Tableau",Remote
C8932962,Taylor Lind,R001,sourced,2026-02-04 13:00:00,2026-02-07 17:00:00,2026-05-23,2026-02-11,"AWS, Airflow, Looker, Snowflake",Stockholm
C8932962,Avery Andersson,R001,rejected,2026-02-07 17:00:00,,2026-05-23,2026-02-11,"FastAPI, GCP, Kubernetes, PostgreSQL, Power BI, Python, SQL, dbt",Stockholm
C7320992,Alex Gustafsson,R001,sourced,2026-01-02 09:00:00,2026-01-02 11:00:00,2026-01-10,2026-01-26,"Airflow, Azure, FastAPI, Node, Snowflake",Uppsala
C7320992,Avery Eriksson,R001,screened,2026-01-02 11:00:00,2026-01-11 11:00:00,2026-01-10,2026-01-26,"Excel, Looker, Pandas, SQL, Snowflake",Remote
C7320992,Robin Lind,R001,interview,2026-01-11 11:00:00,2026-01-16 14:00:00,2026-01-10,2026-01-26,"Looker, PostgreSQL, React, SQL",Remote
C7320992,Robin Berg,R001,rejected,2026-01-16 14:00:00,,2026-01-10,2026-01-26,"AWS, Azure, Looker, Node, PostgreSQL, Python",Uppsala
C9529940,Jordan Eriksson,R004,sourced,2026-02-03 13:00:00,2026-02-11 14:00:00,2026-02-20,2026-02-22,"Azure, Excel, GCP, Pandas, PostgreSQL, React",Malmo
C9529940,Taylor Johansson,R004,screened,2026-02-11 14:00:00,2026-02-13 14:00:00,2026-02-20,2026-02-22,"AWS, Docker, Pandas, Tableau, dbt",Uppsala
C9529940,Sam Eriksson,R004,interview,2026-02-13 14:00:00,2026-03-03 16:00:00,2026-02-20,2026-02-22,"AWS, Airflow, Excel, FastAPI, Node, Python",Uppsala
C9529940,Sam Larsson,R004,rejected,2026-03-03 16:00:00,,2026-02-20,2026-02-22,"FastAPI, Looker, Node, Power BI, Spark",Remote
C5311833,Drew Nilsson,R005,sourced,2026-03-31 10:00:00,2026-04-02 15:00:00,2026-07-18,2026-04-27,"Node, PostgreSQL, Power BI, Python",Gothenburg
C5311833,Casey Berg,R005,screened,2026-04-02 15:00:00,2026-04-07 20:00:00,2026-07-18,2026-04-27,"AWS, Docker, FastAPI, Kubernetes, PostgreSQL, React, Spark, Tableau",Malmo
C5311833,Alex Eriksson,R005,interview,2026-04-07 20:00:00,2026-04-24 03:00:00,2026-07-18,2026-04-27,"Docker, PostgreSQL, SQL, Spark, Tableau, dbt",Uppsala
C5311833,Casey Nilsson,R005,offer,2026-04-24 03:00:00,2026-05-01 03:00:00,2026-07-18,2026-04-27,"FastAPI, Looker, Pandas, PostgreSQL, Python, Spark, Tableau",Malmo
C5311833,Morgan Lind,R005,hired,2026-05-01 03:00:00,,2026-07-18,2026-04-27,"Airflow, Azure, Docker, Excel, FastAPI, Looker, Snowflake",Stockholm
C2201441,Jordan Eriksson,R005,sourced,2026-03-03 13:00:00,2026-03-03 15:00:00,2026-03-30,2026-03-13,"FastAPI, Pandas, PostgreSQL, Snowflake, Tableau",Stockholm
C2201441,Riley Lind,R005,screened,2026-03-03 15:00:00,2026-03-09 22:00:00,2026-03-30,2026-03-13,"Azure, Looker, Pandas, PostgreSQL, Power BI, React, Spark, dbt",Stockholm
C2201441,Alex Persson,R005,interview,2026-03-09 22:00:00,2026-03-19 03:00:00,2026-03-30,2026-03-13,"AWS, Azure, Docker, GCP, Looker, Pandas, Python, Snowflake",Stockholm
C2201441,Cameron Olsson,R005,rejected,2026-03-19 03:00:00,,2026-03-30,2026-03-13,"Pandas, PostgreSQL, React, Snowflake, Spark, dbt",Stockholm
C5611150,Casey Persson,R003,sourced,2026-03-14 12:00:00,2026-03-17 16:00:00,2026-05-08,2026-04-03,"AWS, Docker, Excel, PostgreSQL, Power BI, Spark",Malmo
C5611150,Casey Gustafsson,R003,rejected,2026-03-17 16:00:00,,2026-05-08,2026-04-03,"Docker, FastAPI, Looker, Pandas, Power BI, React, dbt",Remote
C7353319,Casey Berg,R001,sourced,2026-01-09 09:00:00,2026-01-10 12:00:00,2026-05-01,2026-01-25,"AWS, Airflow, Azure, Excel, FastAPI, GCP, Kubernetes, Pandas",Gothenburg
C7353319,Avery Olsson,R001,screened,2026-01-10 12:00:00,2026-01-21 19:00:00,2026-05-01,2026-01-25,"AWS, Docker, FastAPI, Looker, Python, React, SQL",Uppsala
C7353319,Quinn Andersson,R001,rejected,2026-01-21 19:00:00,,2026-05-01,2026-01-25,"Airflow, Azure, PostgreSQL, React, SQL, Spark, Tableau, dbt",Remote
C2780169,Alex Eriksson,R006,sourced,2026-01-26 14:00:00,2026-01-30 15:00:00,2026-02-11,2026-02-14,"AWS, Excel, Node, React, Spark",Stockholm
C2780169,Drew Olsson,R006,screened,2026-01-30 15:00:00,2026-02-03 20:00:00,2026-02-11,2026-02-14,"Excel, SQL, Snowflake, Spark",Malmo
C2780169,Quinn Johansson,R006,rejected,2026-02-03 20:00:00,,2026-02-11,2026-02-14,"FastAPI, PostgreSQL, Python, React, Tableau",Malmo
C8688404,Robin Gustafsson,R006,sourced,2026-02-05 09:00:00,2026-02-08 13:00:00,2026-02-19,2026-02-25,"Excel, GCP, React, Spark",Malmo
C8688404,Morgan Andersson,R006,rejected,2026-02-08 13:00:00,,2026-02-19,2026-02-25,"Azure, Pandas, Python, React, Snowflake",Uppsala
C0028474,Avery Svensson,R006,sourced,2026-02-03 11:00:00,2026-02-04 12:00:00,2026-02-14,2026-02-26,"Docker, GCP, Kubernetes, Node, Snowflake, Tableau",Gothenburg
C0028474,Sam Andersson,R006,rejected,2026-02-04 12:00:00,,2026-02-14,2026-02-26,"GCP, Kubernetes, Looker, PostgreSQL, Snowflake, Tableau",Gothenburg
C9411919,Sam Persson,R004,sourced,2026-01-17 09:00:00,2026-01-20 12:00:00,2026-02-22,2026-02-04,"Node, Snowflake, Tableau, dbt",Uppsala
C9411919,Sam Gustafsson,R004,screened,2026-01-20 12:00:00,2026-01-23 14:00:00,2026-02-22,2026-02-04,"AWS, Excel, Kubernetes, Node, Python, Tableau",Stockholm
C9411919,Avery Larsson,R004,rejected,2026-01-23 14:00:00,,2026-02-22,2026-02-04,"Airflow, Azure, Node, React, Tableau, dbt",Remote
C3958758,Jamie Persson,R003,sourced,2026-02-18 16:00:00,2026-02-21 20:00:00,2026-05-31,2026-03-05,"Looker, PostgreSQL, Python, SQL, Snowflake, Spark, Tableau, dbt",Uppsala
C3958758,Cameron Olsson,R003,screened,2026-02-21 20:00:00,2026-02-28 21:00:00,2026-05-31,2026-03-05,"GCP, Pandas, SQL, Spark",Uppsala
C3958758,Quinn Nilsson,R003,rejected,2026-02-28 21:00:00,,2026-05-31,2026-03-05,"Excel, FastAPI, Kubernetes, Snowflake, Tableau",Malmo
C0947437,Jordan Gustafsson,R002,sourced,2026-02-02 10:00:00,2026-02-06 13:00:00,2026-04-27,2026-02-24,"Excel, FastAPI, Kubernetes, Node, PostgreSQL, Snowflake, dbt",Remote
C0947437,Robin Eriksson,R002,screened,2026-02-06 13:00:00,2026-02-15 19:00:00,2026-04-27,2026-02-24,"Airflow, Node, Python, React, SQL",Uppsala
C0947437,Morgan Svensson,R002,interview,2026-02-15 19:00:00,2026-02-21 20:00:00,2026-04-27,2026-02-24,"Node, Pandas, React, SQL, Tableau",Uppsala
C0947437,Quinn Svensson,R002,offer,2026-02-21 20:00:00,2026-03-03 01:00:00,2026-04-27,2026-02-24,"Node, PostgreSQL, Python, SQL, Spark, Tableau",Remote
C0947437,Jamie Lind,R002,hired,2026-03-03 01:00:00,,2026-04-27,2026-02-24,"Azure, Docker, Looker, Pandas, React, SQL, dbt",Uppsala
C7683549,Jamie Gustafsson,R002,sourced,2026-01-12 13:00:00,2026-01-13 13:00:00,2026-01-26,2026-02-06,"AWS, Kubernetes, Node, Snowflake, Spark",Malmo
C7683549,Alex Larsson,R002,screened,2026-01-13 13:00:00,2026-01-17 14:00:00,2026-01-26,2026-02-06,"AWS, Airflow, Docker, Excel, Kubernetes, Pandas, Spark",Gothenburg
C7683549,Alex Johansson,R002,interview,2026-01-17 14:00:00,2026-01-27 19:00:00,2026-01-26,2026-02-06,"AWS, Docker, FastAPI, GCP, Pandas, PostgreSQL, Snowflake, Spark",Gothenburg
C7683549,Cameron Eriksson,R002,rejected,2026-01-27 19:00:00,,2026-01-26,2026-02-06,"Azure, FastAPI, Python, Spark",Remote
C6491912,Alex Andersson,R003,sourced,2026-03-28 14:00:00,2026-03-29 21:00:00,2026-07-22,2026-04-19,"AWS, Kubernetes, Looker, Node, Python, Spark, Tableau, dbt",Malmo
C6491912,Avery Johansson,R003,screened,2026-03-29 21:00:00,2026-04-06 04:00:00,2026-07-22,2026-04-19,"Looker, SQL, Snowflake, Spark, dbt",Gothenburg
C6491912,Sam Gustafsson,R003,interview,2026-04-06 04:00:00,2026-04-10 09:00:00,2026-07-22,2026-04-19,"AWS, Kubernetes, Looker, Node, Pandas, SQL, Spark",Remote
C6491912,Alex Larsson,R003,offer,2026-04-10 09:00:00,2026-04-16 15:00:00,2026-07-22,2026-04-19,"AWS, Docker, FastAPI, GCP, Looker, Power BI, SQL, dbt",Stockholm
C6491912,Sam Lind,R003,rejected,2026-04-16 15:00:00,,2026-07-22,2026-04-19,"Airflow, Looker, Pandas, React, Spark",Uppsala
C5881606,Drew Karlsson,R005,sourced,2026-02-27 12:00:00,2026-03-02 18:00:00,2026-05-24,2026-03-11,"Airflow, Docker, Excel, GCP, Looker, Power BI, Spark",Uppsala
C5881606,Taylor Berg,R005,rejected,2026-03-02 18:00:00,,2026-05-24,2026-03-11,"Airflow, Excel, Looker, Node, PostgreSQL, Python, Snowflake, dbt",Malmo
C8344899,Riley Gustafsson,R003,sourced,2026-03-24 13:00:00,2026-03-24 15:00:00,2026-05-27,2026-04-22,"Airflow, Docker, Looker, Node, React, Tableau",Malmo
C8344899,Jamie Larsson,R003,rejected,2026-03-24 15:00:00,,2026-05-27,2026-04-22,"Airflow, FastAPI, Power BI, Tableau, dbt",Malmo
C0527576,Drew Lind,R002,sourced,2026-01-20 15:00:00,2026-01-21 22:00:00,2026-03-18,2026-02-17,"AWS, Kubernetes, Pandas, Power BI, Snowflake",Gothenburg
C0527576,Taylor Eriksson,R002,screened,2026-01-21 22:00:00,2026-01-25 04:00:00,2026-03-18,2026-02-17,"Excel, Looker, PostgreSQL, React, SQL, dbt",Malmo
C0527576,Morgan Lind,R002,rejected,2026-01-25 04:00:00,,2026-03-18,2026-02-17,"AWS, Azure, Looker, Node, SQL, Tableau",Remote
C3708642,Jordan Larsson,R002,sourced,2026-02-18 11:00:00,2026-02-20 11:00:00,2026-04-17,2026-03-01,"AWS, Airflow, GCP, SQL, Snowflake, Tableau",Malmo
C3708642,Quinn Berg,R002,screened,2026-02-20 11:00:00,2026-02-28 13:00:00,2026-04-17,2026-03-01,"GCP, Node, Pandas, Power BI, React, dbt",Remote
C3708642,Alex Karlsson,R002,interview,2026-02-28 13:00:00,2026-03-05 16:00:00,2026-04-17,2026-03-01,"Excel, Kubernetes, Pandas, Power BI, SQL, Snowflake",Malmo
C3708642,Alex Johansson,R002,offer,2026-03-05 16:00:00,2026-03-13 16:00:00,2026-04-17,2026-03-01,"Docker, Excel, GCP, Kubernetes, Looker, Python, SQL, Tableau",Gothenburg
C3708642,Alex Persson,R002,rejected,2026-03-13 16:00:00,,2026-04-17,2026-03-01,"Excel, FastAPI, GCP, Node, PostgreSQL, React, Snowflake, dbt",Stockholm
C9903781,Skyler Andersson,R001,sourced,2026-01-18 13:00:00,2026-01-21 17:00:00,2026-04-23,2026-01-21,"Airflow, Excel, Kubernetes, Pandas, React, SQL, Tableau",Malmo
C9903781,Riley Olsson,R001,screened,2026-01-21 17:00:00,2026-01-26 18:00:00,2026-04-23,2026-01-21,"Excel, FastAPI, Looker, Pandas, PostgreSQL, Power BI",Stockholm
C9903781,Jamie Andersson,R001,interview,2026-01-26 18:00:00,2026-02-05 01:00:00,2026-04-23,2026-01-21,"AWS, Azure, Excel, Kubernetes, React, SQL, Spark, dbt",Stockholm
C9903781,Sam Persson,R001,offer,2026-02-05 01:00:00,2026-02-10 06:00:00,2026-04-23,2026-01-21,"AWS, Airflow, Docker, Excel",Uppsala
C9903781,Jamie Karlsson,R001,hired,2026-02-10 06:00:00,,2026-04-23,2026-01-21,"Kubernetes, PostgreSQL, Power BI, SQL",Gothenburg
C2661553,Robin Olsson,R004,sourced,2026-02-12 14:00:00,2026-02-12 15:00:00,2026-04-16,2026-03-05,"FastAPI, GCP, Node, SQL, Snowflake, Spark",Stockholm
C2661553,Taylor Karlsson,R004,screened,2026-02-12 15:00:00,2026-02-17 15:00:00,2026-04-16,2026-03-05,"AWS, Airflow, Docker, Excel, Looker, PostgreSQL, dbt",Remote
C2661553,Avery Gustafsson,R004,rejected,2026-02-17 15:00:00,,2026-04-16,2026-03-05,"AWS, Airflow, Excel, FastAPI, Pandas, PostgreSQL, Power BI, React",Remote
C5795417,Avery Persson,R003,sourced,2026-04-01 14:00:00,2026-04-03 20:00:00,2026-07-13,2026-04-26,"Node, React, Snowflake, Spark, dbt",Gothenburg
C5795417,Quinn Johansson,R003,screened,2026-04-03 20:00:00,2026-04-09 22:00:00,2026-07-13,2026-04-26,"AWS, GCP, Kubernetes, Looker, SQL, Spark, dbt",Remote
C5795417,Quinn Berg,R003,interview,2026-04-09 22:00:00,2026-04-21 01:00:00,2026-07-13,2026-04-26,"Airflow, Excel, Pandas, Python, SQL, Tableau, dbt",Stockholm
C5795417,Riley Gustafsson,R003,rejected,2026-04-21 01:00:00,,2026-07-13,2026-04-26,"Airflow, FastAPI, GCP, Looker, PostgreSQL, Power BI, Tableau",Uppsala
C1004092,Morgan Gustafsson,R005,sourced,2026-03-16 14:00:00,2026-03-18 14:00:00,2026-05-14,2026-04-11,"Docker, Looker, Node, Pandas, PostgreSQL, Python, dbt",Stockholm
C1004092,Jordan Johansson,R005,screened,2026-03-18 14:00:00,2026-03-21 17:00:00,2026-05-14,2026-04-11,"FastAPI, Node, Pandas, React",Malmo
C1004092,Morgan Nilsson,R005,interview,2026-03-21 17:00:00,2026-03-31 18:00:00,2026-05-14,2026-04-11,"Docker, Excel, Kubernetes, Python, React, dbt",Stockholm
C1004092,Drew Nilsson,R005,rejected,2026-03-31 18:00:00,,2026-05-14,2026-04-11,"FastAPI, Pandas, Python, SQL, Snowflake, Tableau",Remote
C7132186,Casey Svensson,R006,sourced,2026-02-03 14:00:00,2026-02-08 17:00:00,2026-03-24,2026-02-04,"Airflow, Azure, Docker, FastAPI, Kubernetes, React",Remote
C7132186,Robin Persson,R006,screened,2026-02-08 17:00:00,2026-02-10 17:00:00,2026-03-24,2026-02-04,"Docker, GCP, Looker, PostgreSQL, SQL, Snowflake, Spark, Tableau",Gothenburg
C7132186,Jamie Johansson,R006,rejected,2026-02-10 17:00:00,,2026-03-24,2026-02-04,"Azure, Looker, Python, Spark",Malmo
C5921280,Alex Svensson,R001,sourced,2026-01-21 09:00:00,2026-01-26 16:00:00,2026-02-08,2026-02-17,"AWS, GCP, Kubernetes, Looker, Node, Power BI",Stockholm
C5921280,Skyler Eriksson,R001,screened,2026-01-26 16:00:00,2026-02-01 19:00:00,2026-02-08,2026-02-17,"Airflow, Azure, GCP, Kubernetes, Python, SQL, Spark, dbt",Remote
C5921280,Riley Persson,R001,rejected,2026-02-01 19:00:00,,2026-02-08,2026-02-17,"Airflow, Azure, GCP, Node, Power BI",Uppsala
C2280347,Robin Johansson,R006,sourced,2026-02-01 12:00:00,2026-02-02 17:00:00,2026-02-19,2026-02-24,"AWS, Airflow, Docker, FastAPI, Kubernetes, Pandas",Malmo
C2280347,Jamie Olsson,R006,screened,2026-02-02 17:00:00,2026-02-02 21:00:00,2026-02-19,2026-02-24,"Pandas, Python, Snowflake, Spark",Gothenburg
C2280347,Jordan Berg,R006,rejected,2026-02-02 21:00:00,,2026-02-19,2026-02-24,"Airflow, FastAPI, Looker, Pandas, React",Uppsala
C3397377,Jamie Olsson,R005,sourced,2026-03-02 12:00:00,2026-03-05 17:00:00,2026-06-17,2026-03-18,"Airflow, Docker, Excel, FastAPI, GCP, PostgreSQL, Tableau, dbt",Stockholm
C3397377,Jamie Larsson,R005,rejected,2026-03-05 17:00:00,,2026-06-17,2026-03-18,"FastAPI, Kubernetes, Pandas, dbt",Gothenburg
C1179872,Sam Larsson,R006,sourced,2026-03-16 14:00:00,2026-03-19 19:00:00,2026-04-05,2026-03-19,"Azure, FastAPI, Looker, Node, PostgreSQL",Remote
C1179872,Riley Johansson,R006,screened,2026-03-19 19:00:00,2026-03-23 21:00:00,2026-04-05,2026-03-19,"Airflow, Docker, Pandas, Snowflake",Malmo
C1179872,Skyler Nilsson,R006,interview,2026-03-23 21:00:00,2026-04-04 01:00:00,2026-04-05,2026-03-19,"Docker, GCP, PostgreSQL, React, Spark, dbt",Uppsala
C1179872,Robin Nilsson,R006,offer,2026-04-04 01:00:00,2026-04-12 03:00:00,2026-04-05,2026-03-19,"Docker, FastAPI, Node, PostgreSQL, React, Tableau, dbt",Remote
C1179872,Riley Larsson,R006,rejected,2026-04-12 03:00:00,,2026-04-05,2026-03-19,"Azure, Docker, FastAPI, Pandas, Power BI, Python, React, SQL",Gothenburg
C3245342,Jordan Persson,R005,sourced,2026-02-21 14:00:00,2026-02-26 20:00:00,2026-05-29,2026-03-01,"Excel, FastAPI, Kubernetes, Looker, Snowflake",Malmo
C3245342,Taylor Gustafsson,R005,screened,2026-02-26 20:00:00,2026-03-01 03:00:00,2026-05-29,2026-03-01,"AWS, Pandas, SQL, Snowflake",Uppsala
C3245342,Riley Johansson,R005,interview,2026-03-01 03:00:00,2026-03-11 10:00:00,2026-05-29,2026-03-01,"GCP, Kubernetes, Looker, PostgreSQL, Power BI, Python, Spark, Tableau",Uppsala
C3245342,Avery Johansson,R005,offer,2026-03-11 10:00:00,2026-03-16 14:00:00,2026-05-29,2026-03-01,"Airflow, FastAPI, GCP, Node, Pandas, Power BI",Stockholm
C3245342,Sam Karlsson,R005,rejected,2026-03-16 14:00:00,,2026-05-29,2026-03-01,"Excel, FastAPI, Pandas, Python",Malmo
C4142036,Quinn Nilsson,R004,sourced,2026-02-12 11:00:00,2026-02-13 18:00:00,2026-03-22,2026-03-07,"Airflow, FastAPI, Node, Power BI, Snowflake, Spark",Remote
C4142036,Skyler Lind,R004,rejected,2026-02-13 18:00:00,,2026-03-22,2026-03-07,"Airflow, Excel, FastAPI, Python, React, dbt",Stockholm
C0048700,Jordan Gustafsson,R001,sourced,2026-01-19 14:00:00,2026-01-20 18:00:00,2026-04-18,2026-02-12,"AWS, FastAPI, GCP, Python, SQL, dbt",Remote
C0048700,Jordan Olsson,R001,screened,2026-01-20 18:00:00,2026-01-25 00:00:00,2026-04-18,2026-02-12,"AWS, Airflow, GCP, Kubernetes, Node, dbt",Remote
C0048700,Casey Persson,R001,interview,2026-01-25 00:00:00,2026-02-06 06:00:00,2026-04-18,2026-02-12,"Airflow, Looker, Power BI, Snowflake",Malmo
C0048700,Morgan Persson,R001,rejected,2026-02-06 06:00:00,,2026-04-18,2026-02-12,"Excel, FastAPI, GCP, Kubernetes, Pandas, Power BI, Spark",Remote
C8416246,Sam Andersson,R003,sourced,2026-04-04 11:00:00,2026-04-11 13:00:00,2026-05-04,2026-04-26,"AWS, GCP, Kubernetes, PostgreSQL, SQL, Spark, dbt",Malmo
C8416246,Jordan Karlsson,R003,screened,2026-04-11 13:00:00,2026-04-11 19:00:00,2026-05-04,2026-04-26,"Airflow, Excel, GCP, React, dbt",Gothenburg
C8416246,Cameron Gustafsson,R003,rejected,2026-04-11 19:00:00,,2026-05-04,2026-04-26,"Azure, Docker, Python, React, SQL, dbt",Stockholm
C7188048,Taylor Karlsson,R003,sourced,2026-03-09 15:00:00,2026-03-09 15:00:00,2026-06-29,2026-03-23,"Docker, Power BI, Python, SQL, Spark",Stockholm
C7188048,Jamie Eriksson,R003,screened,2026-03-09 15:00:00,2026-03-15 15:00:00,2026-06-29,2026-03-23,"Kubernetes, Node, Power BI, dbt",Malmo
C7188048,Taylor Andersson,R003,rejected,2026-03-15 15:00:00,,2026-06-29,2026-03-23,"Airflow, GCP, Kubernetes, Node, Spark, Tableau",Malmo
C0710146,Riley Lind,R001,sourced,2026-01-23 09:00:00,2026-01-28 14:00:00,2026-02-15,2026-02-17,"AWS, Excel, GCP, Node, Power BI, SQL",Stockholm
C0710146,Jordan Gustafsson,R001,rejected,2026-01-28 14:00:00,,2026-02-15,2026-02-17,"Airflow, Azure, Docker, Excel, Looker, Node, Pandas, Spark",Stockholm
C5416321,Avery Eriksson,R001,sourced,2026-02-24 09:00:00,2026-03-01 15:00:00,2026-05-30,2026-03-21,"AWS, Airflow, FastAPI, Looker, Node, Pandas, PostgreSQL",Uppsala
C5416321,Taylor Berg,R001,screened,2026-03-01 15:00:00,2026-03-06 18:00:00,2026-05-30,2026-03-21,"Airflow, GCP, Looker, Snowflake, dbt",Remote
C5416321,Skyler Andersson,R001,interview,2026-03-06 18:00:00,2026-03-14 22:00:00,2026-05-30,2026-03-21,"Airflow, Docker, FastAPI, Looker, Node, Power BI, React",Uppsala
C5416321,Taylor Svensson,R001,rejected,2026-03-14 22:00:00,,2026-05-30,2026-03-21,"Docker, Looker, Pandas, Python",Stockholm
C3199590,Casey Olsson,R004,sourced,2026-02-04 09:00:00,2026-02-04 10:00:00,2026-05-27,2026-02-24,"AWS, Docker, Node, Power BI, SQL, Spark",Malmo
C3199590,Cameron Persson,R004,screened,2026-02-04 10:00:00,2026-02-11 12:00:00,2026-05-27,2026-02-24,"GCP, Pandas, Power BI, Tableau",Gothenburg
C3199590,Morgan Lind,R004,interview,2026-02-11 12:00:00,2026-02-22 13:00:00,2026-05-27,2026-02-24,"FastAPI, Kubernetes, Looker, Node, PostgreSQL, Power BI, React, SQL",Remote
C3199590,Skyler Lind,R004,rejected,2026-02-22 13:00:00,,2026-05-27,2026-02-24,"AWS, Azure, Kubernetes, Power BI, React, Snowflake",Malmo
C4118728,Jordan Svensson,R002,sourced,2025-12-30 11:00:00,2026-01-01 18:00:00,2026-03-24,2026-01-08,"AWS, Kubernetes, Node, Pandas, Power BI, Spark",Malmo
C4118728,Alex Karlsson,R002,rejected,2026-01-01 18:00:00,,2026-03-24,2026-01-08,"Docker, GCP, Looker, SQL",Remote
C1514310,Avery Gustafsson,R006,sourced,2026-02-22 16:00:00,2026-02-28 17:00:00,2026-03-17,2026-03-06,"Azure, Kubernetes, PostgreSQL, Snowflake",Remote
C1514310,Alex Lind,R006,rejected,2026-02-28 17:00:00,,2026-03-17,2026-03-06,"AWS, SQL, Tableau, dbt",Uppsala
C9602753,Jordan Svensson,R002,sourced,2026-01-24 16:00:00,2026-01-24 23:00:00,2026-03-11,2026-01-25,"Python, SQL, Spark, Tableau",Uppsala
C9602753,Taylor Olsson,R002,rejected,2026-01-24 23:00:00,,2026-03-11,2026-01-25,"Docker, Node, PostgreSQL, React",Uppsala
C0192371,Drew Johansson,R002,sourced,2026-01-24 11:00:00,2026-01-28 15:00:00,2026-02-16,2026-02-21,"Azure, Excel, FastAPI, Kubernetes, Node, Python, Spark, dbt",Gothenburg
C0192371,Avery Lind,R002,screened,2026-01-28 15:00:00,2026-02-06 22:00:00,2026-02-16,2026-02-21,"Docker, GCP, Looker, Pandas, PostgreSQL, Snowflake",Uppsala
C0192371,Skyler Karlsson,R002,rejected,2026-02-06 22:00:00,,2026-02-16,2026-02-21,"Docker, Node, Pandas, Python",Uppsala
C8600318,Alex Persson,R005,sourced,2026-02-20 11:00:00,2026-02-20 12:00:00,2026-06-17,2026-03-16,"AWS, Docker, SQL, Tableau",Stockholm
C8600318,Taylor Nilsson,R005,screened,2026-02-20 12:00:00,2026-02-23 13:00:00,2026-06-17,2026-03-16,"Airflow, Azure, Looker, Pandas, React, Tableau",Malmo
C8600318,Skyler Nilsson,R005,rejected,2026-02-23 13:00:00,,2026-06-17,2026-03-16,"Azure, Excel, Node, Pandas, Python, Snowflake, dbt",Remote
C3371541,Drew Johansson,R001,sourced,2026-02-03 11:00:00,2026-02-07 16:00:00,2026-02-25,2026-02-22,"Azure, Docker, Excel, GCP, Looker, Pandas, Python, Snowflake",Remote
C3371541,Robin Persson,R001,screened,2026-02-07 16:00:00,2026-02-15 19:00:00,2026-02-25,2026-02-22,"Airflow, Docker, FastAPI, Kubernetes, Python, React, Snowflake, Tableau",Remote
C3371541,Skyler Persson,R001,interview,2026-02-15 19:00:00,2026-02-23 21:00:00,2026-02-25,2026-02-22,"Docker, FastAPI, Pandas, React, SQL, Snowflake",Gothenburg
C3371541,Alex Nilsson,R001,offer,2026-02-23 21:00:00,2026-03-08 02:00:00,2026-02-25,2026-02-22,"AWS, Airflow, FastAPI, GCP, Kubernetes, React, Tableau",Stockholm
C3371541,Robin Andersson,R001,rejected,2026-03-08 02:00:00,,2026-02-25,2026-02-22,"AWS, Docker, GCP, Kubernetes, Looker, PostgreSQL, SQL, Tableau",Uppsala
C1728725,Drew Lind,R005,sourced,2026-02-15 09:00:00,2026-02-18 10:00:00,2026-06-09,2026-03-11,"AWS, Docker, Excel, Kubernetes, Power BI, React, Snowflake",Remote
C1728725,Drew Persson,R005,screened,2026-02-18 10:00:00,2026-02-21 13:00:00,2026-06-09,2026-03-11,"Azure, Node, Pandas, React",Remote
C1728725,Cameron Berg,R005,interview,2026-02-21 13:00:00,2026-03-04 16:00:00,2026-06-09,2026-03-11,"FastAPI, GCP, Kubernetes, Looker, Power BI, Python",Remote
C1728725,Alex Johansson,R005,rejected,2026-03-04 16:00:00,,2026-06-09,2026-03-11,"AWS, GCP, Power BI, dbt",Uppsala
C1312310,Casey Svensson,R001,sourced,2026-01-25 14:00:00,2026-01-26 16:00:00,2026-03-02,2026-02-19,"AWS, Docker, Kubernetes, PostgreSQL, SQL",Gothenburg
C1312310,Skyler Gustafsson,R001,screened,2026-01-26 16:00:00,2026-01-30 22:00:00,2026-03-02,2026-02-19,"AWS, Airflow, FastAPI, Kubernetes, Pandas, Python, SQL, dbt",Stockholm
C1312310,Robin Gustafsson,R001,rejected,2026-01-30 22:00:00,,2026-03-02,2026-02-19,"AWS, Azure, FastAPI, Python, Snowflake, Spark, Tableau",Gothenburg
C8181314,Drew Larsson,R003,sourced,2026-03-24 11:00:00,2026-03-24 18:00:00,2026-06-30,2026-04-11,"Azure, Looker, PostgreSQL, Power BI, Snowflake, Tableau",Stockholm
C8181314,Jamie Olsson,R003,rejected,2026-03-24 18:00:00,,2026-06-30,2026-04-11,"FastAPI, Pandas, React, SQL",Stockholm
C8929971,Robin Berg,R003,sourced,2026-02-27 14:00:00,2026-03-02 14:00:00,2026-06-26,2026-03-23,"Kubernetes, Node, React, Snowflake, Tableau, dbt",Remote
C8929971,Morgan Karlsson,R003,screened,2026-03-02 14:00:00,2026-03-03 20:00:00,2026-06-26,2026-03-23,"Azure, GCP, Looker, PostgreSQL, SQL, Spark, dbt",Malmo
C8929971,Jordan Larsson,R003,interview,2026-03-03 20:00:00,2026-03-10 21:00:00,2026-06-26,2026-03-23,"AWS, Airflow, Excel, Pandas, Tableau",Stockholm
C8929971,Alex Berg,R003,rejected,2026-03-10 21:00:00,,2026-06-26,2026-03-23,"AWS, Azure, Kubernetes, Looker, Pandas, React",Gothenburg
C4290297,Alex Lind,R001,sourced,2026-01-05 15:00:00,2026-01-09 16:00:00,2026-05-01,2026-01-07,"Airflow, Excel, FastAPI, GCP, Kubernetes, Pandas, Spark",Gothenburg
C4290297,Sam Svensson,R001,screened,2026-01-09 16:00:00,2026-01-15 23:00:00,2026-05-01,2026-01-07,"Airflow, Docker, Excel, Pandas, Python, SQL, Tableau, dbt",Malmo
C4290297,Riley Svensson,R001,interview,2026-01-15 23:00:00,2026-01-26 03:00:00,2026-05-01,2026-01-07,"GCP, Kubernetes, Node, PostgreSQL, Power BI, Python, SQL, Spark",Malmo
C4290297,Avery Andersson,R001,offer,2026-01-26 03:00:00,2026-02-01 04:00:00,2026-05-01,2026-01-07,"FastAPI, Looker, Node, Python",Malmo
C4290297,Robin Johansson,R001,hired,2026-02-01 04:00:00,,2026-05-01,2026-01-07,"Kubernetes, Looker, PostgreSQL, Power BI, React, SQL",Uppsala
C3565558,Cameron Larsson,R001,sourced,2026-01-22 15:00:00,2026-01-24 22:00:00,2026-04-26,2026-02-19,"FastAPI, GCP, Node, Power BI, dbt",Gothenburg
C3565558,Jamie Andersson,R001,screened,2026-01-24 22:00:00,2026-01-29 23:00:00,2026-04-26,2026-02-19,"Airflow, Docker, GCP, Kubernetes, Looker, Python, React, Tableau",Gothenburg
C3565558,Jordan Larsson,R001,rejected,2026-01-29 23:00:00,,2026-04-26,2026-02-19,"Azure, Docker, Kubernetes, Looker, Snowflake, dbt",Remote
C3262698,Sam Berg,R004,sourced,2026-02-23 09:00:00,2026-02-24 13:00:00,2026-04-18,2026-03-01,"AWS, Node, PostgreSQL, SQL, Spark, dbt",Gothenburg
C3262698,Avery Persson,R004,rejected,2026-02-24 13:00:00,,2026-04-18,2026-03-01,"Airflow, Azure, GCP, Kubernetes, Looker, SQL, Spark, Tableau",Remote
C7727240,Alex Lind,R001,sourced,2026-01-19 16:00:00,2026-01-22 16:00:00,2026-03-13,2026-02-09,"AWS, Airflow, Kubernetes, Python, Spark, Tableau",Remote
C7727240,Robin Andersson,R001,screened,2026-01-22 16:00:00,2026-01-28 18:00:00,2026-03-13,2026-02-09,"Excel, Power BI, Snowflake, Tableau",Remote
C7727240,Taylor Persson,R001,rejected,2026-01-28 18:00:00,,2026-03-13,2026-02-09,"Airflow, Excel, FastAPI, Looker, Tableau",Uppsala
C0900015,Jamie Persson,R005,sourced,2026-03-26 14:00:00,2026-03-28 20:00:00,2026-06-03,2026-03-28,"AWS, GCP, Node, Pandas, PostgreSQL, React",Stockholm
C0900015,Skyler Andersson,R005,screened,2026-03-28 20:00:00,2026-03-31 02:00:00,2026-06-03,2026-03-28,"Excel, FastAPI, Node, Tableau, dbt",Gothenburg
C0900015,Cameron Karlsson,R005,rejected,2026-03-31 02:00:00,,2026-06-03,2026-03-28,"FastAPI, Kubernetes, PostgreSQL, Power BI, Python, React, dbt",Stockholm
C2952235,Cameron Johansson,R001,sourced,2026-01-16 13:00:00,2026-01-17 17:00:00,2026-03-10,2026-02-03,"AWS, GCP, Looker, Pandas, Python, SQL, Snowflake",Gothenburg
C2952235,Casey Lind,R001,screened,2026-01-17 17:00:00,2026-01-20 22:00:00,2026-03-10,2026-02-03,"Docker, GCP, Pandas, PostgreSQL",Gothenburg
C2952235,Jamie Gustafsson,R001,interview,2026-01-20 22:00:00,2026-02-01 05:00:00,2026-03-10,2026-02-03,"Docker, GCP, Looker, PostgreSQL, React, Snowflake",Remote
C2952235,Casey Lind,R001,rejected,2026-02-01 05:00:00,,2026-03-10,2026-02-03,"Airflow, Docker, FastAPI, GCP, Looker, Snowflake",Malmo
C2105064,Avery Gustafsson,R004,sourced,2026-01-22 15:00:00,2026-01-24 15:00:00,2026-03-27,2026-02-13,"AWS, Airflow, Docker, Excel, Looker, Pandas, Power BI, dbt",Uppsala
C2105064,Jordan Johansson,R004,screened,2026-01-24 15:00:00,2026-01-28 22:00:00,2026-03-27,2026-02-13,"AWS, GCP, Pandas, Spark",Gothenburg
C2105064,Alex Berg,R004,rejected,2026-01-28 22:00:00,,2026-03-27,2026-02-13,"Airflow, Looker, Pandas, Snowflake, Tableau",Gothenburg
C1536784,Quinn Berg,R001,sourced,2026-02-21 11:00:00,2026-02-25 15:00:00,2026-03-17,2026-03-04,"AWS, Airflow, Kubernetes, PostgreSQL, Power BI, React, Snowflake, Spark",Malmo
C1536784,Skyler Larsson,R001,rejected,2026-02-25 15:00:00,,2026-03-17,2026-03-04,"AWS, Azure, Excel, GCP, Kubernetes, Looker",Remote
C5141589,Taylor Eriksson,R005,sourced,2026-03-05 09:00:00,2026-03-08 15:00:00,2026-04-01,2026-03-08,"Azure, Kubernetes, Looker, Node, PostgreSQL, Power BI, SQL, Spark",Remote
C5141589,Jamie Berg,R005,screened,2026-03-08 15:00:00,2026-03-14 20:00:00,2026-04-01,2026-03-08,"AWS, Airflow, Kubernetes, PostgreSQL, Python, React",Malmo
C5141589,Taylor Olsson,R005,interview,2026-03-14 20:00:00,2026-03-23 03:00:00,2026-04-01,2026-03-08,"Excel, FastAPI, Kubernetes, Power BI, React, Snowflake, Spark",Malmo
C5141589,Riley Svensson,R005,offer,2026-03-23 03:00:00,2026-03-31 10:00:00,2026-04-01,2026-03-08,"Airflow, FastAPI, Kubernetes, Pandas, SQL, Tableau",Gothenburg
C5141589,Riley Berg,R005,hired,2026-03-31 10:00:00,,2026-04-01,2026-03-08,"AWS, Azure, Kubernetes, Pandas, Tableau",Gothenburg
C7018466,Casey Johansson,R003,sourced,2026-03-21 10:00:00,2026-03-23 11:00:00,2026-04-11,2026-03-22,"AWS, Docker, Pandas, Power BI, SQL, Snowflake, Spark, dbt",Gothenburg
C7018466,Casey Gustafsson,R003,screened,2026-03-23 11:00:00,2026-03-26 17:00:00,2026-04-11,2026-03-22,"Node, Power BI, Snowflake, Tableau",Remote
C7018466,Drew Johansson,R003,interview,2026-03-26 17:00:00,2026-03-26 17:00:00,2026-04-11,2026-03-22,"AWS, Azure, Docker, FastAPI, Kubernetes, Looker, Spark",Remote
C7018466,Taylor Svensson,R003,rejected,2026-03-26 17:00:00,,2026-04-11,2026-03-22,"Azure, GCP, Looker, React",Remote
C9170391,Drew Lind,R002,sourced,2026-01-16 10:00:00,2026-01-21 10:00:00,2026-04-13,2026-01-29,"AWS, Kubernetes, Node, Power BI, React",Uppsala
C9170391,Taylor Gustafsson,R002,rejected,2026-01-21 10:00:00,,2026-04-13,2026-01-29,"FastAPI, Pandas, PostgreSQL, Python, Snowflake, Tableau",Uppsala
C6833044,Drew Lind,R006,sourced,2026-03-07 15:00:00,2026-03-10 17:00:00,2026-03-23,2026-03-15,"Excel, Kubernetes, Node, Pandas, Power BI, SQL, Tableau, dbt",Gothenburg
C6833044,Jordan Lind,R006,screened,2026-03-10 17:00:00,2026-03-12 18:00:00,2026-03-23,2026-03-15,"Airflow, Azure, Looker, SQL",Remote
C6833044,Drew Lind,R006,rejected,2026-03-12 18:00:00,,2026-03-23,2026-03-15,"Airflow, GCP, Node, SQL, Snowflake, Tableau",Malmo
C7140423,Alex Lind,R003,sourced,2026-03-08 11:00:00,2026-03-10 17:00:00,2026-04-24,2026-03-30,"AWS, Airflow, Excel, Kubernetes, PostgreSQL, React, Snowflake",Gothenburg
C7140423,Casey Lind,R003,screened,2026-03-10 17:00:00,2026-03-17 18:00:00,2026-04-24,2026-03-30,"Airflow, Azure, FastAPI, Node, Pandas, Snowflake, Tableau",Uppsala
C7140423,Cameron Gustafsson,R003,interview,2026-03-17 18:00:00,2026-03-28 21:00:00,2026-04-24,2026-03-30,"Airflow, Excel, Pandas, Power BI, Python, Snowflake",Uppsala
C7140423,Jamie Larsson,R003,rejected,2026-03-28 21:00:00,,2026-04-24,2026-03-30,"Airflow, Excel, GCP, SQL, Snowflake",Gothenburg
C7992750,Robin Johansson,R002,sourced,2025-12-31 13:00:00,2026-01-03 20:00:00,2026-02-19,2025-12-31,"AWS, Airflow, Docker, Excel, GCP, Pandas, PostgreSQL, dbt",Remote
C7992750,Riley Persson,R002,screened,2026-01-03 20:00:00,2026-01-07 01:00:00,2026-02-19,2025-12-31,"AWS, Kubernetes, Power BI, SQL, Snowflake",Uppsala
C7992750,Jamie Eriksson,R002,rejected,2026-01-07 01:00:00,,2026-02-19,2025-12-31,"Airflow, Azure, Docker, GCP, Tableau, dbt",Malmo
C3180522,Jordan Andersson,R003,sourced,2026-02-13 16:00:00,2026-02-16 18:00:00,2026-04-05,2026-02-23,"AWS, Azure, Excel, FastAPI, Kubernetes, Pandas, Power BI, React",Remote
C3180522,Skyler Berg,R003,screened,2026-02-16 18:00:00,2026-02-20 22:00:00,2026-04-05,2026-02-23,"Airflow, Azure, Excel, Python, SQL, Snowflake, dbt",Gothenburg
C3180522,Casey Johansson,R003,interview,2026-02-20 22:00:00,2026-02-23 00:00:00,2026-04-05,2026-02-23,"Airflow, FastAPI, Looker, SQL, dbt",Malmo
C3180522,Robin Andersson,R003,offer,2026-02-23 00:00:00,2026-02-23 03:00:00,2026-04-05,2026-02-23,"Airflow, Kubernetes, Python, SQL, Spark",Malmo
C3180522,Sam Nilsson,R003,hired,2026-02-23 03:00:00,,2026-04-05,2026-02-23,"Azure, FastAPI, GCP, Pandas, PostgreSQL, SQL, Tableau, dbt",Remote
C1417787,Quinn Karlsson,R005,sourced,2026-02-25 09:00:00,2026-02-28 09:00:00,2026-06-16,2026-03-11,"Excel, Pandas, Python, Tableau",Malmo
C1417787,Sam Eriksson,R005,rejected,2026-02-28 09:00:00,,2026-06-16,2026-03-11,"Azure, GCP, Kubernetes, Node, Python, React, dbt",Stockholm
C4293840,Skyler Svensson,R006,sourced,2026-03-14 10:00:00,2026-03-15 17:00:00,2026-04-15,2026-04-08,"Airflow, Excel, GCP, Node, Power BI, SQL",Remote
C4293840,Cameron Eriksson,R006,screened,2026-03-15 17:00:00,2026-03-24 00:00:00,2026-04-15,2026-04-08,"Azure, Docker, React, SQL, Spark",Remote
C4293840,Alex Andersson,R006,interview,2026-03-24 00:00:00,2026-04-03 01:00:00,2026-04-15,2026-04-08,"Airflow, Excel, FastAPI, Kubernetes, Power BI, dbt",Malmo
C4293840,Taylor Eriksson,R006,rejected,2026-04-03 01:00:00,,2026-04-15,2026-04-08,"Airflow, Kubernetes, Looker, Python, Tableau, dbt",Stockholm
C2206313,Alex Gustafsson,R006,sourced,2026-03-17 11:00:00,2026-03-21 12:00:00,2026-07-02,2026-03-24,"AWS, Excel, Pandas, Python, React, dbt",Stockholm
C2206313,Alex Larsson,R006,screened,2026-03-21 12:00:00,2026-03-27 18:00:00,2026-07-02,2026-03-24,"Azure, FastAPI, Kubernetes, Node, Pandas, Python, Snowflake, Spark",Stockholm
C2206313,Avery Olsson,R006,rejected,2026-03-27 18:00:00,,2026-07-02,2026-03-24,"Airflow, Azure, Power BI, Snowflake, Spark",Gothenburg
C0161356,Jamie Eriksson,R001,sourced,2026-01-25 09:00:00,2026-01-28 12:00:00,2026-04-30,2026-02-22,"AWS, Airflow, PostgreSQL, React",Malmo
C0161356,Morgan Persson,R001,rejected,2026-01-28 12:00:00,,2026-04-30,2026-02-22,"AWS, Airflow, GCP, Kubernetes, Power BI, SQL, Tableau, dbt",Malmo
C3659703,Morgan Svensson,R002,sourced,2026-01-11 13:00:00,2026-01-14 15:00:00,2026-02-11,2026-02-08,"AWS, FastAPI, Pandas, Snowflake",Stockholm
C3659703,Taylor Eriksson,R002,screened,2026-01-14 15:00:00,2026-01-24 18:00:00,2026-02-11,2026-02-08,"Excel, GCP, Looker, Pandas, React, SQL",Stockholm
C3659703,Drew Olsson,R002,rejected,2026-01-24 18:00:00,,2026-02-11,2026-02-08,"AWS, Azure, Docker, Looker, Pandas, Snowflake, Spark",Remote
C1876440,Casey Andersson,R002,sourced,2026-01-06 16:00:00,2026-01-08 21:00:00,2026-02-15,2026-01-27,"Airflow, Looker, Power BI, Tableau",Malmo
C1876440,Alex Berg,R002,screened,2026-01-08 21:00:00,2026-01-08 22:00:00,2026-02-15,2026-01-27,"Airflow, Azure, Pandas, Python, SQL",Remote
C1876440,Drew Berg,R002,interview,2026-01-08 22:00:00,2026-01-22 22:00:00,2026-02-15,2026-01-27,"Azure, GCP, Kubernetes, Looker, Pandas, PostgreSQL, Power BI, Tableau",Remote
C1876440,Taylor Nilsson,R002,rejected,2026-01-22 22:00:00,,2026-02-15,2026-01-27,"Azure, Docker, Node, PostgreSQL, Python, React",Remote
C1221178,Robin Berg,R001,sourced,2026-01-28 13:00:00,2026-01-28 13:00:00,2026-05-18,2026-02-22,"Excel, Kubernetes, PostgreSQL, Power BI, Snowflake",Uppsala
C1221178,Jamie Andersson,R001,screened,2026-01-28 13:00:00,2026-02-02 15:00:00,2026-05-18,2026-02-22,"Kubernetes, Pandas, PostgreSQL, Power BI, Python, Snowflake, Spark, dbt",Remote
C1221178,Alex Nilsson,R001,interview,2026-02-02 15:00:00,2026-02-16 16:00:00,2026-05-18,2026-02-22,"Docker, FastAPI, Looker, Node, SQL, Tableau",Uppsala
C1221178,Cameron Larsson,R001,offer,2026-02-16 16:00:00,2026-02-20 18:00:00,2026-05-18,2026-02-22,"Docker, Node, PostgreSQL, Python",Remote
C1221178,Jamie Larsson,R001,hired,2026-02-20 18:00:00,,2026-05-18,2026-02-22,"Airflow, Docker, GCP, Node, Pandas, SQL, Tableau",Malmo
C0240816,Jamie Andersson,R005,sourced,2026-03-31 14:00:00,2026-04-03 17:00:00,2026-06-30,2026-04-07,"Airflow, FastAPI, Kubernetes, PostgreSQL, Tableau",Stockholm
C0240816,Jamie Andersson,R005,screened,2026-04-03 17:00:00,2026-04-12 23:00:00,2026-06-30,2026-04-07,"AWS, Excel, Kubernetes, PostgreSQL, Python, Spark",Uppsala
C0240816,Morgan Larsson,R005,interview,2026-04-12 23:00:00,2026-04-21 01:00:00,2026-06-30,2026-04-07,"Excel, Looker, React, SQL, Snowflake, Tableau, dbt",Gothenburg
C0240816,Avery Larsson,R005,rejected,2026-04-21 01:00:00,,2026-06-30,2026-04-07,"Docker, Looker, Power BI, SQL, Snowflake, Tableau",Malmo
C5652767,Casey Svensson,R005,sourced,2026-03-06 16:00:00,2026-03-09 22:00:00,2026-04-21,2026-03-30,"Azure, GCP, Node, Pandas, Snowflake",Malmo
C5652767,Riley Svensson,R005,screened,2026-03-09 22:00:00,2026-03-22 02:00:00,2026-04-21,2026-03-30,"Docker, Python, Snowflake, Tableau, dbt",Malmo
C5652767,Skyler Lind,R005,rejected,2026-03-22 02:00:00,,2026-04-21,2026-03-30,"Node, Power BI, Python, React",Uppsala
C9710068,Robin Nilsson,R004,sourced,2026-02-05 11:00:00,2026-02-05 17:00:00,2026-05-06,2026-02-06,"Kubernetes, Power BI, Python, React, Snowflake, Tableau",Stockholm
C9710068,Drew Persson,R004,rejected,2026-02-05 17:00:00,,2026-05-06,2026-02-06,"AWS, Airflow, Excel, FastAPI, Power BI, React, SQL",Gothenburg
C4485753,Robin Berg,R006,sourced,2026-03-02 13:00:00,2026-03-03 18:00:00,2026-05-27,2026-03-07,"Azure, PostgreSQL, Python, React, Snowflake, Spark, Tableau",Remote
C4485753,Cameron Nilsson,R006,rejected,2026-03-03 18:00:00,,2026-05-27,2026-03-07,"AWS, Node, Pandas, SQL, Spark",Gothenburg
C7488073,Skyler Johansson,R006,sourced,2026-02-22 11:00:00,2026-02-23 11:00:00,2026-04-07,2026-03-03,"Excel, GCP, PostgreSQL, Spark, Tableau",Remote
C7488073,Avery Olsson,R006,screened,2026-02-23 11:00:00,2026-02-28 17:00:00,2026-04-07,2026-03-03,"Azure, Kubernetes, Looker, Pandas, Python, Snowflake, Spark",Remote
C7488073,Quinn Andersson,R006,interview,2026-02-28 17:00:00,2026-03-11 00:00:00,2026-04-07,2026-03-03,"AWS, Docker, GCP, Power BI, React, Snowflake, Spark",Stockholm
C7488073,Riley Gustafsson,R006,rejected,2026-03-11 00:00:00,,2026-04-07,2026-03-03,"Docker, Kubernetes, Looker, React, SQL, Snowflake, Tableau, dbt",Malmo
C6481207,Cameron Berg,R004,sourced,2026-01-14 11:00:00,2026-01-19 12:00:00,2026-04-24,2026-01-24,"AWS, Azure, Docker, Excel, Looker, Node, Spark, Tableau",Remote
C6481207,Sam Karlsson,R004,screened,2026-01-19 12:00:00,2026-01-19 16:00:00,2026-04-24,2026-01-24,"AWS, Docker, GCP, Looker, PostgreSQL, SQL, Snowflake",Remote
C6481207,Cameron Eriksson,R004,interview,2026-01-19 16:00:00,2026-01-28 16:00:00,2026-04-24,2026-01-24,"AWS, Azure, GCP, SQL, dbt",Remote
C6481207,Avery Olsson,R004,offer,2026-01-28 16:00:00,2026-02-02 16:00:00,2026-04-24,2026-01-24,"Airflow, Azure, Docker, Excel, Looker, Node, PostgreSQL, Spark",Remote
C6481207,Drew Andersson,R004,hired,2026-02-02 16:00:00,,2026-04-24,2026-01-24,"Airflow, Docker, Node, SQL, Snowflake, Tableau",Malmo
C6172566,Drew Eriksson,R004,sourced,2026-01-19 12:00:00,2026-01-23 15:00:00,2026-03-17,2026-01-20,"Docker, Kubernetes, Node, Pandas",Remote
C6172566,Casey Johansson,R004,screened,2026-01-23 15:00:00,2026-01-23 19:00:00,2026-03-17,2026-01-20,"Excel, FastAPI, Kubernetes, Node, PostgreSQL",Uppsala
C6172566,Alex Lind,R004,rejected,2026-01-23 19:00:00,,2026-03-17,2026-01-20,"Airflow, Docker, GCP, Kubernetes, Power BI, Python, SQL, Tableau",Gothenburg
C8768768,Drew Larsson,R001,sourced,2026-01-07 15:00:00,2026-01-10 22:00:00,2026-02-11,2026-01-28,"Azure, FastAPI, GCP, Kubernetes, React, dbt",Stockholm
C8768768,Taylor Nilsson,R001,screened,2026-01-10 22:00:00,2026-01-22 04:00:00,2026-02-11,2026-01-28,"Kubernetes, Looker, Pandas, SQL, dbt",Malmo
C8768768,Alex Gustafsson,R001,interview,2026-01-22 04:00:00,2026-02-02 07:00:00,2026-02-11,2026-01-28,"Airflow, Azure, Excel, Tableau",Stockholm
C8768768,Robin Andersson,R001,rejected,2026-02-02 07:00:00,,2026-02-11,2026-01-28,"Airflow, Kubernetes, Node, Pandas, PostgreSQL, React, Tableau, dbt",Uppsala
C3302629,Cameron Larsson,R006,sourced,2026-01-29 13:00:00,2026-01-30 20:00:00,2026-03-29,2026-02-22,"Excel, FastAPI, PostgreSQL, Power BI, React, Snowflake, dbt",Stockholm
C3302629,Taylor Olsson,R006,screened,2026-01-30 20:00:00,2026-02-07 02:00:00,2026-03-29,2026-02-22,"Docker, FastAPI, Kubernetes, Pandas, Power BI, SQL, Spark, Tableau",Uppsala
C3302629,Jordan Larsson,R006,interview,2026-02-07 02:00:00,2026-02-13 07:00:00,2026-03-29,2026-02-22,"Airflow, Azure, Excel, Node, Pandas, PostgreSQL, Snowflake, dbt",Stockholm
C3302629,Casey Larsson,R006,rejected,2026-02-13 07:00:00,,2026-03-29,2026-02-22,"AWS, Docker, Excel, GCP, Node",Remote
C3436542,Sam Karlsson,R005,sourced,2026-03-02 12:00:00,2026-03-08 16:00:00,2026-04-27,2026-03-11,"Airflow, Kubernetes, Looker, Node",Stockholm
C3436542,Riley Karlsson,R005,screened,2026-03-08 16:00:00,2026-03-11 21:00:00,2026-04-27,2026-03-11,"Pandas, React, Spark, Tableau, dbt",Uppsala
C3436542,Sam Lind,R005,interview,2026-03-11 21:00:00,2026-03-18 01:00:00,2026-04-27,2026-03-11,"Looker, Node, Python, Tableau, dbt",Malmo
C3436542,Quinn Persson,R005,rejected,2026-03-18 01:00:00,,2026-04-27,2026-03-11,"AWS, FastAPI, Node, PostgreSQL, React, SQL, Spark, dbt",Malmo
C0458323,Robin Lind,R005,sourced,2026-02-18 13:00:00,2026-02-19 20:00:00,2026-05-06,2026-03-14,"AWS, GCP, PostgreSQL, SQL, Spark",Gothenburg
C0458323,Skyler Svensson,R005,screened,2026-02-19 20:00:00,2026-02-25 22:00:00,2026-05-06,2026-03-14,"AWS, Airflow, Docker, Power BI, dbt",Gothenburg
C0458323,Quinn Berg,R005,interview,2026-02-25 22:00:00,2026-03-05 23:00:00,2026-05-06,2026-03-14,"Airflow, FastAPI, Pandas, Power BI, React, SQL",Uppsala
C0458323,Skyler Gustafsson,R005,offer,2026-03-05 23:00:00,2026-03-13 05:00:00,2026-05-06,2026-03-14,"Azure, React, SQL, Tableau",Stockholm
C0458323,Morgan Nilsson,R005,rejected,2026-03-13 05:00:00,,2026-05-06,2026-03-14,"Azure, FastAPI, Node, Power BI, Tableau",Stockholm
C2717490,Quinn Lind,R001,sourced,2026-02-22 10:00:00,2026-02-22 14:00:00,2026-02-26,2026-03-15,"Airflow, Azure, FastAPI, GCP, Kubernetes, Looker, Node, Pandas",Uppsala
C2717490,Jamie Karlsson,R001,rejected,2026-02-22 14:00:00,,2026-02-26,2026-03-15,"Docker, Looker, PostgreSQL, Python, SQL, Tableau",Malmo
C9212728,Skyler Svensson,R001,sourced,2026-01-09 09:00:00,2026-01-12 09:00:00,2026-02-04,2026-01-31,"Excel, GCP, Node, PostgreSQL, Snowflake",Remote
C9212728,Cameron Berg,R001,screened,2026-01-12 09:00:00,2026-01-12 11:00:00,2026-02-04,2026-01-31,"Azure, Docker, Looker, Pandas, PostgreSQL, Power BI, Snowflake",Remote
C9212728,Sam Eriksson,R001,rejected,2026-01-12 11:00:00,,2026-02-04,2026-01-31,"Docker, Kubernetes, Pandas, Power BI, Python, React, Spark",Stockholm
C3904604,Casey Andersson,R005,sourced,2026-03-13 13:00:00,2026-03-18 14:00:00,2026-03-27,2026-03-21,"Excel, FastAPI, GCP, PostgreSQL, Power BI, React, SQL, Spark",Gothenburg
C3904604,Sam Svensson,R005,screened,2026-03-18 14:00:00,2026-03-26 16:00:00,2026-03-27,2026-03-21,"Airflow, FastAPI, Pandas, Python, React, Snowflake",Gothenburg
C3904604,Avery Larsson,R005,rejected,2026-03-26 16:00:00,,2026-03-27,2026-03-21,"Azure, Docker, Node, Power BI, React, SQL, Spark, dbt",Uppsala
C8763696,Taylor Eriksson,R002,sourced,2026-01-23 11:00:00,2026-01-26 15:00:00,2026-03-26,2026-02-03,"AWS, Kubernetes, Looker, Pandas, PostgreSQL, Power BI",Malmo
C8763696,Alex Andersson,R002,screened,2026-01-26 15:00:00,2026-01-31 21:00:00,2026-03-26,2026-02-03,"AWS, Airflow, Looker, React, Spark, Tableau, dbt",Gothenburg
C8763696,Sam Berg,R002,rejected,2026-01-31 21:00:00,,2026-03-26,2026-02-03,"Excel, GCP, Kubernetes, Looker, SQL, Snowflake",Uppsala
C4481846,Jordan Eriksson,R004,sourced,2026-02-01 11:00:00,2026-02-02 11:00:00,2026-05-23,2026-02-07,"Airflow, Docker, Excel, Looker, Node, Python, Tableau, dbt",Gothenburg
C4481846,Alex Larsson,R004,screened,2026-02-02 11:00:00,2026-02-09 14:00:00,2026-05-23,2026-02-07,"Azure, Power BI, SQL, Snowflake, Tableau, dbt",Gothenburg
C4481846,Robin Lind,R004,interview,2026-02-09 14:00:00,2026-02-26 15:00:00,2026-05-23,2026-02-07,"Azure, Docker, PostgreSQL, React, Snowflake, Spark",Malmo
C4481846,Alex Svensson,R004,offer,2026-02-26 15:00:00,2026-03-01 19:00:00,2026-05-23,2026-02-07,"AWS, Airflow, Excel, Python, Spark, dbt",Stockholm
C4481846,Jordan Eriksson,R004,hired,2026-03-01 19:00:00,,2026-05-23,2026-02-07,"AWS, Docker, Node, Python, Snowflake",Malmo
C1551614,Quinn Berg,R001,sourced,2026-01-19 10:00:00,2026-01-22 12:00:00,2026-04-27,2026-01-26,"Docker, Excel, GCP, Node, Power BI, React, SQL",Malmo
C1551614,Taylor Berg,R001,rejected,2026-01-22 12:00:00,,2026-04-27,2026-01-26,"AWS, Docker, FastAPI, GCP, PostgreSQL, dbt",Malmo
C8967473,Quinn Karlsson,R001,sourced,2026-02-09 09:00:00,2026-02-09 10:00:00,2026-05-29,2026-02-16,"AWS, Azure, Excel, Pandas, Snowflake, Spark, Tableau, dbt",Uppsala
C8967473,Cameron Eriksson,R001,screened,2026-02-09 10:00:00,2026-02-15 11:00:00,2026-05-29,2026-02-16,"Excel, GCP, Node, PostgreSQL",Gothenburg
C8967473,Avery Berg,R001,rejected,2026-02-15 11:00:00,,2026-05-29,2026-02-16,"GCP, SQL, Tableau, dbt",Stockholm
C6991751,Jordan Johansson,R002,sourced,2026-01-10 16:00:00,2026-01-15 18:00:00,2026-03-16,2026-01-20,"AWS, Excel, Kubernetes, Power BI, Tableau",Stockholm
C6991751,Morgan Larsson,R002,screened,2026-01-15 18:00:00,2026-01-16 19:00:00,2026-03-16,2026-01-20,"Azure, Docker, Kubernetes, Looker, Pandas, Power BI, Spark",Uppsala
C6991751,Alex Eriksson,R002,rejected,2026-01-16 19:00:00,,2026-03-16,2026-01-20,"Azure, FastAPI, Python, Tableau",Stockholm
C1266798,Robin Svensson,R004,sourced,2026-01-09 11:00:00,2026-01-10 17:00:00,2026-04-28,2026-01-25,"Azure, Docker, FastAPI, GCP, PostgreSQL, Python, React, Tableau",Stockholm
C1266798,Avery Larsson,R004,screened,2026-01-10 17:00:00,2026-01-19 21:00:00,2026-04-28,2026-01-25,"Airflow, FastAPI, Pandas, Python, Tableau",Stockholm
C1266798,Alex Johansson,R004,interview,2026-01-19 21:00:00,2026-02-05 01:00:00,2026-04-28,2026-01-25,"FastAPI, Pandas, React, Snowflake, Tableau",Gothenburg
C1266798,Alex Gustafsson,R004,rejected,2026-02-05 01:00:00,,2026-04-28,2026-01-25,"Airflow, Azure, FastAPI, Kubernetes, dbt",Gothenburg
C1328806,Riley Johansson,R005,sourced,2026-03-16 12:00:00,2026-03-17 17:00:00,2026-05-11,2026-04-08,"Docker, Pandas, PostgreSQL, Power BI, SQL, Snowflake, Tableau",Remote
C1328806,Drew Svensson,R005,screened,2026-03-17 17:00:00,2026-03-19 20:00:00,2026-05-11,2026-04-08,"Docker, Kubernetes, React, Spark, Tableau",Gothenburg
C1328806,Casey Eriksson,R005,interview,2026-03-19 20:00:00,2026-03-28 20:00:00,2026-05-11,2026-04-08,"Azure, FastAPI, GCP, Kubernetes, PostgreSQL, Power BI, Spark",Stockholm
C1328806,Skyler Andersson,R005,offer,2026-03-28 20:00:00,2026-04-05 00:00:00,2026-05-11,2026-04-08,"Excel, Spark, Tableau, dbt",Malmo
C1328806,Skyler Gustafsson,R005,rejected,2026-04-05 00:00:00,,2026-05-11,2026-04-08,"Azure, Excel, FastAPI, GCP, Python, Spark",Gothenburg
C5708096,Quinn Olsson,R001,sourced,2026-01-19 09:00:00,2026-01-21 13:00:00,2026-04-02,2026-01-21,"AWS, Azure, GCP, Looker, Power BI, React, Snowflake, Tableau",Stockholm
C5708096,Jordan Karlsson,R001,screened,2026-01-21 13:00:00,2026-01-21 16:00:00,2026-04-02,2026-01-21,"AWS, FastAPI, PostgreSQL, Python, SQL, Snowflake, Tableau, dbt",Gothenburg
C5708096,Taylor Olsson,R001,interview,2026-01-21 16:00:00,2026-01-27 17:00:00,2026-04-02,2026-01-21,"Docker, Kubernetes, Node, Pandas, Python, Tableau, dbt",Malmo
C5708096,Morgan Eriksson,R001,offer,2026-01-27 17:00:00,2026-02-02 22:00:00,2026-04-02,2026-01-21,"Docker, Pandas, SQL, Snowflake, dbt",Malmo
C5708096,Avery Karlsson,R001,rejected,2026-02-02 22:00:00,,2026-04-02,2026-01-21,"Azure, Pandas, PostgreSQL, Power BI, Snowflake, Spark, Tableau",Stockholm
C1612521,Alex Berg,R003,sourced,2026-03-17 14:00:00,2026-03-18 19:00:00,2026-06-12,2026-04-14,"Azure, Node, Pandas, Tableau",Malmo
C1612521,Riley Karlsson,R003,screened,2026-03-18 19:00:00,2026-03-22 19:00:00,2026-06-12,2026-04-14,"Airflow, Kubernetes, SQL, dbt",Remote
C1612521,Sam Berg,R003,rejected,2026-03-22 19:00:00,,2026-06-12,2026-04-14,"AWS, Pandas, React, Tableau",Gothenburg
C1821301,Sam Persson,R001,sourced,2026-02-02 11:00:00,2026-02-04 11:00:00,2026-03-16,2026-02-26,"Excel, Looker, Pandas, Snowflake, Spark, Tableau",Uppsala
C1821301,Cameron Larsson,R001,screened,2026-02-04 11:00:00,2026-02-07 12:00:00,2026-03-16,2026-02-26,"Docker, Looker, Power BI, Python",Remote
C1821301,Quinn Berg,R001,interview,2026-02-07 12:00:00,2026-02-14 19:00:00,2026-03-16,2026-02-26,"Azure, Docker, Pandas, Snowflake",Remote
C1821301,Jamie Persson,R001,offer,2026-02-14 19:00:00,2026-02-23 00:00:00,2026-03-16,2026-02-26,"Azure, Kubernetes, Pandas, PostgreSQL, SQL",Malmo
C1821301,Casey Olsson,R001,hired,2026-02-23 00:00:00,,2026-03-16,2026-02-26,"Excel, FastAPI, Looker, Node, Python, React, SQL, Spark",Remote
C0254626,Riley Gustafsson,R004,sourced,2026-02-12 12:00:00,2026-02-14 14:00:00,2026-03-14,2026-02-28,"Docker, GCP, Kubernetes, Looker, Node, Pandas, Snowflake, Spark",Gothenburg
C0254626,Alex Lind,R004,screened,2026-02-14 14:00:00,2026-02-22 14:00:00,2026-03-14,2026-02-28,"Kubernetes, Looker, Node, PostgreSQL",Remote
C0254626,Sam Andersson,R004,interview,2026-02-22 14:00:00,2026-03-16 18:00:00,2026-03-14,2026-02-28,"Airflow, FastAPI, Python, dbt",Uppsala
C0254626,Skyler Karlsson,R004,rejected,2026-03-16 18:00:00,,2026-03-14,2026-02-28,"Airflow, FastAPI, Pandas, Power BI",Remote
C6412634,Riley Berg,R006,sourced,2026-02-03 12:00:00,2026-02-07 13:00:00,2026-03-03,2026-02-06,"FastAPI, Pandas, Power BI, Snowflake, dbt",Malmo
C6412634,Riley Svensson,R006,screened,2026-02-07 13:00:00,2026-02-09 20:00:00,2026-03-03,2026-02-06,"Airflow, Docker, Node, Python",Gothenburg
C6412634,Cameron Svensson,R006,interview,2026-02-09 20:00:00,2026-02-19 22:00:00,2026-03-03,2026-02-06,"AWS, Airflow, Azure, GCP, Node, Python",Remote
C6412634,Jamie Olsson,R006,offer,2026-02-19 22:00:00,2026-02-21 04:00:00,2026-03-03,2026-02-06,"GCP, Looker, Node, PostgreSQL, Power BI, Python, SQL, Tableau",Malmo
C6412634,Cameron Persson,R006,hired,2026-02-21 04:00:00,,2026-03-03,2026-02-06,"AWS, PostgreSQL, Power BI, React, dbt",Remote
C3516675,Avery Andersson,R005,sourced,2026-03-19 13:00:00,2026-03-22 16:00:00,2026-06-25,2026-03-24,"Power BI, Python, Snowflake, Tableau",Remote
C3516675,Casey Nilsson,R005,screened,2026-03-22 16:00:00,2026-03-26 17:00:00,2026-06-25,2026-03-24,"AWS, Excel, GCP, Looker, Python, SQL",Uppsala
C3516675,Avery Gustafsson,R005,interview,2026-03-26 17:00:00,2026-04-09 20:00:00,2026-06-25,2026-03-24,"Looker, React, Spark, dbt",Remote
C3516675,Sam Persson,R005,offer,2026-04-09 20:00:00,2026-04-15 21:00:00,2026-06-25,2026-03-24,"Looker, Node, PostgreSQL, Python, React, Spark, Tableau, dbt",Malmo
C3516675,Skyler Gustafsson,R005,rejected,2026-04-15 21:00:00,,2026-06-25,2026-03-24,"Node, PostgreSQL, Python, Snowflake, Spark",Stockholm
C2401781,Casey Lind,R002,sourced,2026-01-01 09:00:00,2026-01-02 13:00:00,2026-04-05,2026-01-10,"Excel, Pandas, PostgreSQL, Python, React, Spark, dbt",Malmo
C2401781,Drew Persson,R002,screened,2026-01-02 13:00:00,2026-01-08 15:00:00,2026-04-05,2026-01-10,"GCP, Power BI, Tableau, dbt",Remote
C2401781,Robin Karlsson,R002,interview,2026-01-08 15:00:00,2026-01-18 21:00:00,2026-04-05,2026-01-10,"GCP, Looker, Power BI, React, dbt",Uppsala
C2401781,Taylor Johansson,R002,rejected,2026-01-18 21:00:00,,2026-04-05,2026-01-10,"AWS, Docker, Excel, Kubernetes, PostgreSQL, React, dbt",Remote
C1800324,Casey Svensson,R006,sourced,2026-02-10 11:00:00,2026-02-11 17:00:00,2026-04-18,2026-02-26,"Airflow, Excel, Kubernetes, PostgreSQL, Tableau",Uppsala
C1800324,Jordan Olsson,R006,screened,2026-02-11 17:00:00,2026-02-12 19:00:00,2026-04-18,2026-02-26,"AWS, Docker, Excel, GCP, dbt",Stockholm
C1800324,Robin Berg,R006,rejected,2026-02-12 19:00:00,,2026-04-18,2026-02-26,"AWS, Airflow, Excel, GCP, Kubernetes, Looker, Pandas, SQL",Malmo
C1849655,Robin Olsson,R004,sourced,2026-01-13 13:00:00,2026-01-17 17:00:00,2026-04-05,2026-02-10,"AWS, Excel, Node, Tableau",Remote
C1849655,Jamie Karlsson,R004,rejected,2026-01-17 17:00:00,,2026-04-05,2026-02-10,"FastAPI, Snowflake, Spark, Tableau",Gothenburg
C0646805,Jamie Olsson,R002,sourced,2026-02-10 12:00:00,2026-02-11 19:00:00,2026-04-13,2026-02-24,"AWS, Airflow, Azure, Node, React, Tableau",Remote
C0646805,Casey Gustafsson,R002,rejected,2026-02-11 19:00:00,,2026-04-13,2026-02-24,"Airflow, GCP, Kubernetes, SQL, Spark, Tableau",Malmo
C0828432,Casey Gustafsson,R001,sourced,2026-02-06 09:00:00,2026-02-09 10:00:00,2026-03-26,2026-02-16,"Azure, Docker, Kubernetes, Pandas, Power BI, Snowflake",Remote
C0828432,Sam Karlsson,R001,screened,2026-02-09 10:00:00,2026-02-12 17:00:00,2026-03-26,2026-02-16,"AWS, Airflow, Kubernetes, PostgreSQL, SQL",Malmo
C0828432,Cameron Larsson,R001,interview,2026-02-12 17:00:00,2026-02-23 18:00:00,2026-03-26,2026-02-16,"Airflow, Excel, FastAPI, Looker, Pandas, Python, SQL, Tableau",Stockholm
C0828432,Taylor Johansson,R001,rejected,2026-02-23 18:00:00,,2026-03-26,2026-02-16,"Azure, Looker, PostgreSQL, Power BI, SQL, Spark",Malmo
C0007244,Avery Berg,R004,sourced,2026-02-14 11:00:00,2026-02-15 13:00:00,2026-02-14,2026-02-25,"AWS, Airflow, Azure, Docker",Uppsala
C0007244,Taylor Larsson,R004,rejected,2026-02-15 13:00:00,,2026-02-14,2026-02-25,"AWS, Azure, FastAPI, GCP, Looker, Node",Stockholm
C4919252,Riley Nilsson,R002,sourced,2026-01-20 11:00:00,2026-01-26 17:00:00,2026-04-14,2026-01-22,"AWS, Azure, Docker, Excel, SQL, Snowflake, Tableau",Malmo
C4919252,Alex Larsson,R002,screened,2026-01-26 17:00:00,2026-01-29 18:00:00,2026-04-14,2026-01-22,"AWS, Airflow, Docker, Kubernetes, Snowflake, Spark, dbt",Uppsala
C4919252,Jordan Karlsson,R002,rejected,2026-01-29 18:00:00,,2026-04-14,2026-01-22,"AWS, Azure, GCP, Kubernetes, Node, Pandas, SQL, Spark",Malmo
C9294987,Sam Svensson,R001,sourced,2026-02-20 13:00:00,2026-02-22 17:00:00,2026-06-01,2026-02-25,"Azure, Docker, FastAPI, GCP, Looker, Python, Snowflake, dbt",Remote
C9294987,Alex Larsson,R001,screened,2026-02-22 17:00:00,2026-02-25 20:00:00,2026-06-01,2026-02-25,"AWS, Airflow, Excel, FastAPI, Kubernetes, Node, SQL, Snowflake",Uppsala
C9294987,Taylor Berg,R001,rejected,2026-02-25 20:00:00,,2026-06-01,2026-02-25,"Airflow, Docker, FastAPI, Looker, Node",Gothenburg
C6444991,Quinn Larsson,R003,sourced,2026-02-17 10:00:00,2026-02-22 16:00:00,2026-05-30,2026-03-02,"Azure, Docker, FastAPI, Spark",Gothenburg
C6444991,Sam Berg,R003,screened,2026-02-22 16:00:00,2026-02-26 20:00:00,2026-05-30,2026-03-02,"AWS, Airflow, GCP, Node, PostgreSQL, Power BI, Python",Malmo
C6444991,Cameron Andersson,R003,interview,2026-02-26 20:00:00,2026-03-10 23:00:00,2026-05-30,2026-03-02,"Excel, FastAPI, Power BI, Snowflake, Tableau",Gothenburg
C6444991,Casey Nilsson,R003,rejected,2026-03-10 23:00:00,,2026-05-30,2026-03-02,"Azure, Excel, GCP, Node, dbt",Remote
C0767645,Casey Eriksson,R003,sourced,2026-03-22 12:00:00,2026-03-25 18:00:00,2026-07-09,2026-04-17,"Airflow, Azure, Node, Pandas, SQL, Tableau",Malmo
C0767645,Alex Svensson,R003,screened,2026-03-25 18:00:00,2026-03-31 19:00:00,2026-07-09,2026-04-17,"Docker, Excel, Looker, SQL, Spark, Tableau",Uppsala
C0767645,Casey Johansson,R003,interview,2026-03-31 19:00:00,2026-04-08 19:00:00,2026-07-09,2026-04-17,"Docker, Looker, PostgreSQL, Power BI, Tableau",Stockholm
C0767645,Casey Larsson,R003,rejected,2026-04-08 19:00:00,,2026-07-09,2026-04-17,"Docker, FastAPI, GCP, PostgreSQL, React, SQL, Snowflake",Uppsala
C5622741,Sam Andersson,R003,sourced,2026-03-28 12:00:00,2026-03-31 16:00:00,2026-06-16,2026-04-07,"Docker, Excel, FastAPI, GCP, Power BI, Python, React, Snowflake",Uppsala
C5622741,Jamie Nilsson,R003,rejected,2026-03-31 16:00:00,,2026-06-16,2026-04-07,"Airflow, Azure, GCP, Pandas, Power BI, React, SQL, Snowflake",Gothenburg
C6723232,Alex Berg,R003,sourced,2026-02-24 12:00:00,2026-02-28 14:00:00,2026-06-07,2026-03-18,"AWS, Docker, Excel, Pandas, React, Spark",Gothenburg
C6723232,Alex Eriksson,R003,screened,2026-02-28 14:00:00,2026-03-05 15:00:00,2026-06-07,2026-03-18,"AWS, Airflow, Looker, Power BI, Snowflake, Tableau, dbt",Remote
C6723232,Drew Svensson,R003,interview,2026-03-05 15:00:00,2026-03-10 17:00:00,2026-06-07,2026-03-18,"Airflow, Node, PostgreSQL, React, SQL, Snowflake, Tableau",Stockholm
C6723232,Alex Andersson,R003,offer,2026-03-10 17:00:00,2026-03-14 17:00:00,2026-06-07,2026-03-18,"AWS, Azure, Excel, FastAPI, Node, Python, SQL",Stockholm
C6723232,Casey Andersson,R003,hired,2026-03-14 17:00:00,,2026-06-07,2026-03-18,"Airflow, GCP, Kubernetes, Pandas, SQL, Tableau, dbt",Uppsala
C4225040,Jordan Larsson,R006,sourced,2026-01-27 12:00:00,2026-02-01 16:00:00,2026-04-26,2026-02-22,"Excel, Pandas, Python, dbt",Gothenburg
C4225040,Alex Lind,R006,screened,2026-02-01 16:00:00,2026-02-03 19:00:00,2026-04-26,2026-02-22,"Docker, Excel, Looker, Node, Pandas, PostgreSQL, Spark",Uppsala
C4225040,Alex Larsson,R006,rejected,2026-02-03 19:00:00,,2026-04-26,2026-02-22,"AWS, Docker, Excel, FastAPI, GCP, Kubernetes, Looker, Snowflake",Uppsala
C8962571,Casey Berg,R002,sourced,2026-02-06 13:00:00,2026-02-08 20:00:00,2026-05-29,2026-02-12,"FastAPI, GCP, Node, PostgreSQL, Power BI, Snowflake, Tableau",Stockholm
C8962571,Riley Larsson,R002,screened,2026-02-08 20:00:00,2026-02-15 02:00:00,2026-05-29,2026-02-12,"Airflow, Pandas, Power BI, Python, SQL, Spark",Gothenburg
C8962571,Skyler Andersson,R002,rejected,2026-02-15 02:00:00,,2026-05-29,2026-02-12,"AWS, Docker, Excel, Looker, Pandas, Python, React, Spark",Remote
C9211943,Riley Gustafsson,R005,sourced,2026-03-03 09:00:00,2026-03-06 10:00:00,2026-04-09,2026-03-10,"Airflow, FastAPI, Kubernetes, Power BI, Snowflake",Remote
C9211943,Drew Olsson,R005,screened,2026-03-06 10:00:00,2026-03-07 15:00:00,2026-04-09,2026-03-10,"Airflow, FastAPI, GCP, Kubernetes, Pandas, PostgreSQL",Stockholm
C9211943,Avery Olsson,R005,rejected,2026-03-07 15:00:00,,2026-04-09,2026-03-10,"Airflow, GCP, Node, Snowflake",Remote
C6919519,Morgan Karlsson,R002,sourced,2026-01-15 13:00:00,2026-01-17 14:00:00,2026-04-08,2026-01-15,"AWS, Azure, FastAPI, Kubernetes, SQL, Snowflake",Stockholm
C6919519,Sam Nilsson,R002,screened,2026-01-17 14:00:00,2026-01-19 18:00:00,2026-04-08,2026-01-15,"Power BI, SQL, Snowflake, Tableau",Malmo
C6919519,Avery Larsson,R002,interview,2026-01-19 18:00:00,2026-01-31 23:00:00,2026-04-08,2026-01-15,"Docker, Excel, Node, Pandas, Snowflake",Uppsala
C6919519,Drew Persson,R002,offer,2026-01-31 23:00:00,2026-02-08 01:00:00,2026-04-08,2026-01-15,"AWS, Airflow, Excel, Node, Python",Uppsala
C6919519,Morgan Eriksson,R002,hired,2026-02-08 01:00:00,,2026-04-08,2026-01-15,"Azure, Docker, Looker, Python, SQL, Spark",Stockholm
C3896664,Morgan Olsson,R006,sourced,2026-02-17 13:00:00,2026-02-22 20:00:00,2026-05-22,2026-03-01,"Airflow, GCP, Pandas, React",Stockholm
C3896664,Morgan Lind,R006,screened,2026-02-22 20:00:00,2026-02-26 01:00:00,2026-05-22,2026-03-01,"Docker, PostgreSQL, SQL, Snowflake",Gothenburg
C3896664,Cameron Eriksson,R006,interview,2026-02-26 01:00:00,2026-03-09 05:00:00,2026-05-22,2026-03-01,"Azure, Docker, GCP, Python, Tableau",Stockholm
C3896664,Riley Berg,R006,rejected,2026-03-09 05:00:00,,2026-05-22,2026-03-01,"Azure, Excel, Node, Power BI, Tableau, dbt",Stockholm
C4808603,Cameron Persson,R005,sourced,2026-02-21 16:00:00,2026-02-24 17:00:00,2026-04-28,2026-03-02,"Excel, FastAPI, Power BI, Snowflake, Spark",Gothenburg
C4808603,Robin Gustafsson,R005,screened,2026-02-24 17:00:00,2026-03-01 20:00:00,2026-04-28,2026-03-02,"Excel, Looker, SQL, Spark",Malmo
C4808603,Jordan Lind,R005,interview,2026-03-01 20:00:00,2026-03-09 23:00:00,2026-04-28,2026-03-02,"Kubernetes, Pandas, PostgreSQL, SQL, Spark, Tableau, dbt",Malmo
C4808603,Sam Svensson,R005,rejected,2026-03-09 23:00:00,,2026-04-28,2026-03-02,"Azure, Excel, FastAPI, GCP, Kubernetes, React",Remote
C3048151,Jordan Larsson,R002,sourced,2026-01-19 10:00:00,2026-01-21 10:00:00,2026-04-17,2026-02-12,"Azure, GCP, Kubernetes, Node, Python",Remote
C3048151,Quinn Johansson,R002,rejected,2026-01-21 10:00:00,,2026-04-17,2026-02-12,"Azure, GCP, SQL, Spark",Remote
C3134595,Casey Nilsson,R002,sourced,2026-01-17 14:00:00,2026-01-24 16:00:00,2026-04-19,2026-01-29,"Azure, Excel, GCP, Looker, React, SQL, Spark, Tableau",Malmo
C3134595,Morgan Andersson,R002,screened,2026-01-24 16:00:00,2026-01-28 20:00:00,2026-04-19,2026-01-29,"AWS, Azure, GCP, Python, SQL, Tableau, dbt",Malmo
C3134595,Sam Johansson,R002,rejected,2026-01-28 20:00:00,,2026-04-19,2026-01-29,"Looker, Node, Power BI, Snowflake",Gothenburg
C2832708,Taylor Gustafsson,R006,sourced,2026-03-14 15:00:00,2026-03-18 18:00:00,2026-04-18,2026-03-17,"Docker, Looker, Node, PostgreSQL, Power BI, Python, SQL",Remote
C2832708,Jordan Persson,R006,rejected,2026-03-18 18:00:00,,2026-04-18,2026-03-17,"Excel, FastAPI, GCP, Looker, PostgreSQL",Malmo
C4461140,Jordan Andersson,R005,sourced,2026-02-16 14:00:00,2026-02-17 15:00:00,2026-06-10,2026-03-05,"AWS, Docker, Kubernetes, Looker, Python, Snowflake, Spark",Uppsala
C4461140,Alex Svensson,R005,screened,2026-02-17 15:00:00,2026-02-17 16:00:00,2026-06-10,2026-03-05,"AWS, Azure, Excel, Power BI",Stockholm
C4461140,Jamie Berg,R005,interview,2026-02-17 16:00:00,2026-02-24 23:00:00,2026-06-10,2026-03-05,"Kubernetes, Node, Python, SQL, Snowflake, dbt",Uppsala
C4461140,Alex Gustafsson,R005,offer,2026-02-24 23:00:00,2026-03-10 04:00:00,2026-06-10,2026-03-05,"Airflow, Excel, FastAPI, Kubernetes, Power BI",Stockholm
C4461140,Riley Nilsson,R005,hired,2026-03-10 04:00:00,,2026-06-10,2026-03-05,"Azure, GCP, Looker, Power BI, Python",Malmo
C6229119,Jamie Olsson,R001,sourced,2026-01-31 09:00:00,2026-02-04 11:00:00,2026-03-22,2026-02-16,"AWS, Airflow, GCP, Node, Pandas, Power BI, Spark",Malmo
C6229119,Morgan Persson,R001,screened,2026-02-04 11:00:00,2026-02-09 16:00:00,2026-03-22,2026-02-16,"AWS, Azure, PostgreSQL, Power BI, React, Spark, dbt",Remote
C6229119,Avery Andersson,R001,interview,2026-02-09 16:00:00,2026-02-19 21:00:00,2026-03-22,2026-02-16,"AWS, Azure, FastAPI, React, SQL",Gothenburg
C6229119,Sam Nilsson,R001,rejected,2026-02-19 21:00:00,,2026-03-22,2026-02-16,"Airflow, Azure, Docker, GCP, Pandas, Python, React",Stockholm
C7491615,Skyler Persson,R004,sourced,2026-01-28 12:00:00,2026-02-01 14:00:00,2026-04-16,2026-02-21,"Airflow, GCP, Looker, Pandas, PostgreSQL, Python, React, dbt",Malmo
C7491615,Drew Andersson,R004,rejected,2026-02-01 14:00:00,,2026-04-16,2026-02-21,"FastAPI, Kubernetes, Looker, Node, Power BI, Snowflake, Spark",Stockholm
C1008446,Quinn Svensson,R002,sourced,2026-01-19 13:00:00,2026-01-20 16:00:00,2026-01-26,2026-01-23,"Airflow, Azure, FastAPI, Pandas, React, SQL",Remote
C1008446,Sam Nilsson,R002,screened,2026-01-20 16:00:00,2026-01-24 16:00:00,2026-01-26,2026-01-23,"Excel, Looker, Pandas, Power BI, Tableau, dbt",Uppsala
C1008446,Jamie Svensson,R002,interview,2026-01-24 16:00:00,2026-02-08 20:00:00,2026-01-26,2026-01-23,"AWS, Airflow, Docker, GCP, PostgreSQL, Snowflake, Tableau, dbt",Gothenburg
C1008446,Drew Berg,R002,offer,2026-02-08 20:00:00,2026-02-15 01:00:00,2026-01-26,2026-01-23,"AWS, Airflow, Kubernetes, Node, PostgreSQL, Spark",Remote
C1008446,Taylor Andersson,R002,rejected,2026-02-15 01:00:00,,2026-01-26,2026-01-23,"Docker, FastAPI, Looker, Spark, dbt",Malmo
C5758434,Avery Andersson,R003,sourced,2026-04-06 13:00:00,2026-04-09 17:00:00,2026-04-24,2026-04-07,"AWS, Docker, Excel, Kubernetes, Looker, Node, SQL",Uppsala
C5758434,Robin Lind,R003,screened,2026-04-09 17:00:00,2026-04-09 23:00:00,2026-04-24,2026-04-07,"Docker, Excel, Kubernetes, Node, SQL, Snowflake, dbt",Uppsala
C5758434,Riley Persson,R003,rejected,2026-04-09 23:00:00,,2026-04-24,2026-04-07,"FastAPI, Node, Python, SQL",Gothenburg
C2453444,Alex Olsson,R001,sourced,2026-02-09 13:00:00,2026-02-14 18:00:00,2026-02-15,2026-02-09,"Airflow, Azure, Kubernetes, Node, Pandas, Power BI",Gothenburg
C2453444,Quinn Nilsson,R001,rejected,2026-02-14 18:00:00,,2026-02-15,2026-02-09,"Looker, Pandas, SQL, Tableau",Stockholm
C4892739,Drew Olsson,R006,sourced,2026-02-07 11:00:00,2026-02-11 18:00:00,2026-05-03,2026-03-02,"Azure, Excel, FastAPI, Looker, Pandas, PostgreSQL, Snowflake",Malmo
C4892739,Robin Persson,R006,screened,2026-02-11 18:00:00,2026-02-23 00:00:00,2026-05-03,2026-03-02,"Excel, GCP, Looker, Node, Python, React, Snowflake, Tableau",Remote
C4892739,Jordan Johansson,R006,rejected,2026-02-23 00:00:00,,2026-05-03,2026-03-02,"FastAPI, Node, Pandas, Power BI, Python, Spark",Stockholm
C8106079,Morgan Eriksson,R002,sourced,2026-02-06 10:00:00,2026-02-07 10:00:00,2026-02-28,2026-02-26,"AWS, Excel, Kubernetes, Tableau",Malmo
C8106079,Taylor Olsson,R002,screened,2026-02-07 10:00:00,2026-02-10 12:00:00,2026-02-28,2026-02-26,"FastAPI, PostgreSQL, Power BI, Tableau",Stockholm
C8106079,Quinn Gustafsson,R002,interview,2026-02-10 12:00:00,2026-02-24 12:00:00,2026-02-28,2026-02-26,"Docker, Excel, FastAPI, Power BI, React, Spark",Stockholm
C8106079,Skyler Andersson,R002,rejected,2026-02-24 12:00:00,,2026-02-28,2026-02-26,"Azure, Kubernetes, Pandas, SQL, Spark",Stockholm
C5143884,Robin Larsson,R004,sourced,2026-01-31 14:00:00,2026-01-31 20:00:00,2026-04-19,2026-02-19,"AWS, Airflow, Azure, GCP, Pandas, PostgreSQL",Gothenburg
C5143884,Jamie Andersson,R004,rejected,2026-01-31 20:00:00,,2026-04-19,2026-02-19,"Docker, Excel, GCP, PostgreSQL, Power BI, React, Spark, Tableau",Malmo
C5992597,Robin Larsson,R003,sourced,2026-03-31 12:00:00,2026-04-05 18:00:00,2026-05-03,2026-04-15,"Azure, Kubernetes, Looker, Pandas, SQL, Snowflake",Malmo
C5992597,Cameron Nilsson,R003,screened,2026-04-05 18:00:00,2026-04-09 01:00:00,2026-05-03,2026-04-15,"AWS, GCP, Looker, PostgreSQL",Gothenburg
C5992597,Jamie Larsson,R003,interview,2026-04-09 01:00:00,2026-04-19 06:00:00,2026-05-03,2026-04-15,"Azure, Excel, Pandas, PostgreSQL, Python, SQL, Snowflake, Tableau",Stockholm
C5992597,Drew Lind,R003,rejected,2026-04-19 06:00:00,,2026-05-03,2026-04-15,"Excel, Node, Power BI, Python, Snowflake, Spark, Tableau",Remote
C1595268,Morgan Lind,R006,sourced,2026-02-19 11:00:00,2026-02-24 18:00:00,2026-05-15,2026-02-24,"Azure, Docker, FastAPI, Node, SQL, Snowflake, Spark",Uppsala
C1595268,Taylor Larsson,R006,screened,2026-02-24 18:00:00,2026-03-05 21:00:00,2026-05-15,2026-02-24,"AWS, Docker, FastAPI, Kubernetes, Pandas, SQL, Snowflake, Spark",Uppsala
C1595268,Casey Olsson,R006,interview,2026-03-05 21:00:00,2026-03-16 22:00:00,2026-05-15,2026-02-24,"AWS, FastAPI, Looker, SQL, Spark",Malmo
C1595268,Avery Persson,R006,offer,2026-03-16 22:00:00,2026-03-25 00:00:00,2026-05-15,2026-02-24,"GCP, React, SQL, Spark",Malmo
C1595268,Jamie Lind,R006,hired,2026-03-25 00:00:00,,2026-05-15,2026-02-24,"AWS, Azure, Excel, FastAPI, Kubernetes, Looker, SQL, Spark",Stockholm
C9974875,Cameron Svensson,R003,sourced,2026-03-07 15:00:00,2026-03-09 18:00:00,2026-05-12,2026-03-12,"Airflow, Azure, FastAPI, GCP, Looker, Node, Pandas, Power BI",Remote
C9974875,Jordan Olsson,R003,screened,2026-03-09 18:00:00,2026-03-17 23:00:00,2026-05-12,2026-03-12,"Azure, GCP, Kubernetes, Looker, Python, React, Spark, dbt",Uppsala
C9974875,Riley Lind,R003,rejected,2026-03-17 23:00:00,,2026-05-12,2026-03-12,"Docker, Excel, Looker, Node, Power BI, Python",Stockholm
C2095732,Avery Andersson,R006,sourced,2026-02-06 10:00:00,2026-02-08 16:00:00,2026-04-03,2026-02-09,"Docker, Excel, FastAPI, Kubernetes, Pandas, PostgreSQL",Uppsala
C2095732,Quinn Olsson,R006,rejected,2026-02-08 16:00:00,,2026-04-03,2026-02-09,"AWS, Airflow, GCP, Kubernetes, Looker, Power BI, SQL",Remote
C7750527,Casey Larsson,R004,sourced,2026-01-27 16:00:00,2026-01-30 23:00:00,2026-04-08,2026-02-12,"Airflow, Docker, Pandas, React, SQL, Tableau",Malmo
C7750527,Robin Olsson,R004,screened,2026-01-30 23:00:00,2026-02-06 06:00:00,2026-04-08,2026-02-12,"Docker, Pandas, SQL, Tableau",Uppsala
C7750527,Skyler Karlsson,R004,rejected,2026-02-06 06:00:00,,2026-04-08,2026-02-12,"Airflow, Azure, Kubernetes, Power BI, Spark, dbt",Uppsala
C2209389,Cameron Olsson,R006,sourced,2026-03-10 15:00:00,2026-03-16 18:00:00,2026-03-22,2026-03-21,"Airflow, Azure, Snowflake, Tableau, dbt",Gothenburg
C2209389,Skyler Larsson,R006,screened,2026-03-16 18:00:00,2026-03-21 01:00:00,2026-03-22,2026-03-21,"AWS, Azure, Pandas, Python, React, Snowflake",Stockholm
C2209389,Sam Nilsson,R006,rejected,2026-03-21 01:00:00,,2026-03-22,2026-03-21,"AWS, Azure, Docker, FastAPI, Kubernetes, Looker, Node, dbt",Stockholm
C7874643,Quinn Lind,R002,sourced,2026-01-13 10:00:00,2026-01-13 11:00:00,2026-05-09,2026-02-01,"FastAPI, Looker, Pandas, Power BI, Python, React, SQL, Tableau",Uppsala
C7874643,Alex Larsson,R002,screened,2026-01-13 11:00:00,2026-01-23 16:00:00,2026-05-09,2026-02-01,"AWS, Airflow, FastAPI, Kubernetes, Looker, Node, Spark, dbt",Gothenburg
C7874643,Morgan Lind,R002,interview,2026-01-23 16:00:00,2026-01-30 22:00:00,2026-05-09,2026-02-01,"Azure, GCP, Kubernetes, PostgreSQL, Snowflake, Spark, Tableau",Malmo
C7874643,Avery Andersson,R002,rejected,2026-01-30 22:00:00,,2026-05-09,2026-02-01,"Azure, GCP, Node, SQL, Tableau",Uppsala
C6476740,Alex Gustafsson,R002,sourced,2026-01-03 12:00:00,2026-01-08 15:00:00,2026-02-19,2026-01-26,"Excel, GCP, Kubernetes, Node, PostgreSQL, React, Snowflake",Malmo
C6476740,Drew Eriksson,R002,screened,2026-01-08 15:00:00,2026-01-10 19:00:00,2026-02-19,2026-01-26,"AWS, Azure, FastAPI, Kubernetes, Looker, Power BI, Python",Malmo
C6476740,Avery Persson,R002,rejected,2026-01-10 19:00:00,,2026-02-19,2026-01-26,"Pandas, PostgreSQL, Snowflake, Spark",Uppsala
C7636684,Jamie Karlsson,R003,sourced,2026-03-10 13:00:00,2026-03-13 13:00:00,2026-03-23,2026-03-12,"GCP, Power BI, React, SQL, Snowflake",Remote
C7636684,Jamie Berg,R003,screened,2026-03-13 13:00:00,2026-03-18 15:00:00,2026-03-23,2026-03-12,"Airflow, Excel, FastAPI, GCP, PostgreSQL, Power BI, Tableau",Uppsala
C7636684,Taylor Lind,R003,rejected,2026-03-18 15:00:00,,2026-03-23,2026-03-12,"Docker, Excel, Node, Pandas, Power BI, React, Tableau",Malmo
C9202880,Robin Nilsson,R001,sourced,2026-01-09 13:00:00,2026-01-13 19:00:00,2026-03-29,2026-02-07,"Looker, PostgreSQL, Power BI, Python, React, Tableau",Stockholm
C9202880,Skyler Andersson,R001,screened,2026-01-13 19:00:00,2026-01-16 02:00:00,2026-03-29,2026-02-07,"GCP, Kubernetes, Python, React",Stockholm
C9202880,Taylor Andersson,R001,rejected,2026-01-16 02:00:00,,2026-03-29,2026-02-07,"Azure, Docker, Kubernetes, Node, Python, React, Snowflake, Spark",Uppsala
C2849702,Cameron Nilsson,R005,sourced,2026-03-03 10:00:00,2026-03-03 12:00:00,2026-03-18,2026-04-01,"Airflow, Docker, FastAPI, GCP, Looker, Pandas, React, dbt",Uppsala
C2849702,Morgan Berg,R005,screened,2026-03-03 12:00:00,2026-03-12 19:00:00,2026-03-18,2026-04-01,"GCP, Kubernetes, Pandas, Python, Spark, Tableau",Uppsala
C2849702,Casey Lind,R005,interview,2026-03-12 19:00:00,2026-03-27 23:00:00,2026-03-18,2026-04-01,"Azure, GCP, Pandas, Power BI, Snowflake, Tableau",Remote
C2849702,Drew Larsson,R005,offer,2026-03-27 23:00:00,2026-03-29 23:00:00,2026-03-18,2026-04-01,"Airflow, Excel, Node, Power BI, Tableau, dbt",Stockholm
C2849702,Drew Andersson,R005,hired,2026-03-29 23:00:00,,2026-03-18,2026-04-01,"Airflow, FastAPI, Node, Power BI, Python, SQL, Snowflake",Remote
C0440325,Riley Lind,R002,sourced,2026-02-19 14:00:00,2026-02-23 15:00:00,2026-06-09,2026-02-24,"AWS, Docker, Excel, Kubernetes, Node, Python",Stockholm
C0440325,Robin Gustafsson,R002,screened,2026-02-23 15:00:00,2026-03-02 18:00:00,2026-06-09,2026-02-24,"Node, Pandas, Snowflake, Tableau",Malmo
C0440325,Skyler Nilsson,R002,interview,2026-03-02 18:00:00,2026-03-13 18:00:00,2026-06-09,2026-02-24,"Kubernetes, Node, Snowflake, dbt",Gothenburg
C0440325,Jamie Larsson,R002,rejected,2026-03-13 18:00:00,,2026-06-09,2026-02-24,"Airflow, Docker, Excel, GCP, Looker",Uppsala
C6101417,Cameron Svensson,R003,sourced,2026-02-15 15:00:00,2026-02-21 22:00:00,2026-05-30,2026-03-08,"Airflow, Azure, FastAPI, PostgreSQL, SQL, Snowflake, Tableau",Remote
C6101417,Avery Karlsson,R003,screened,2026-02-21 22:00:00,2026-02-22 01:00:00,2026-05-30,2026-03-08,"GCP, Kubernetes, Pandas, PostgreSQL, Snowflake, Spark, dbt",Remote
C6101417,Sam Nilsson,R003,rejected,2026-02-22 01:00:00,,2026-05-30,2026-03-08,"AWS, FastAPI, Node, PostgreSQL, React, dbt",Gothenburg
C0544103,Robin Nilsson,R002,sourced,2026-01-21 15:00:00,2026-01-24 15:00:00,2026-03-17,2026-01-28,"AWS, Kubernetes, React, dbt",Uppsala
C0544103,Sam Berg,R002,screened,2026-01-24 15:00:00,2026-01-30 16:00:00,2026-03-17,2026-01-28,"Airflow, Azure, FastAPI, Looker",Gothenburg
C0544103,Robin Larsson,R002,rejected,2026-01-30 16:00:00,,2026-03-17,2026-01-28,"FastAPI, Kubernetes, Python, Snowflake, Tableau",Gothenburg
C4913628,Jordan Larsson,R003,sourced,2026-04-02 12:00:00,2026-04-06 17:00:00,2026-06-30,2026-04-24,"AWS, GCP, Power BI, React",Gothenburg
C4913628,Alex Nilsson,R003,screened,2026-04-06 17:00:00,2026-04-08 21:00:00,2026-06-30,2026-04-24,"Azure, Excel, GCP, Node, PostgreSQL, dbt",Uppsala
C4913628,Sam Nilsson,R003,interview,2026-04-08 21:00:00,2026-04-08 23:00:00,2026-06-30,2026-04-24,"AWS, Excel, GCP, Kubernetes, Looker, Pandas, Snowflake, Spark",Gothenburg
C4913628,Morgan Karlsson,R003,rejected,2026-04-08 23:00:00,,2026-06-30,2026-04-24,"AWS, Docker, Excel, FastAPI, Kubernetes, Node, Snowflake, Tableau",Uppsala
C2360049,Sam Andersson,R006,sourced,2026-01-25 15:00:00,2026-01-26 18:00:00,2026-02-02,2026-02-08,"AWS, Docker, FastAPI, Looker, Node, Power BI, React",Malmo
C2360049,Avery Karlsson,R006,screened,2026-01-26 18:00:00,2026-01-30 19:00:00,2026-02-02,2026-02-08,"AWS, Airflow, FastAPI, PostgreSQL, SQL, Snowflake, dbt",Malmo
C2360049,Cameron Berg,R006,interview,2026-01-30 19:00:00,2026-02-04 20:00:00,2026-02-02,2026-02-08,"AWS, Azure, Excel, GCP, Kubernetes, Pandas, Tableau",Uppsala
C2360049,Quinn Johansson,R006,rejected,2026-02-04 20:00:00,,2026-02-02,2026-02-08,"Docker, GCP, Kubernetes, Looker, Python, Snowflake, dbt",Stockholm
C3964002,Riley Lind,R005,sourced,2026-02-22 14:00:00,2026-02-25 18:00:00,2026-04-23,2026-03-23,"AWS, Airflow, Azure, Kubernetes, PostgreSQL, dbt",Uppsala
C3964002,Avery Andersson,R005,screened,2026-02-25 18:00:00,2026-03-04 00:00:00,2026-04-23,2026-03-23,"Excel, GCP, Kubernetes, Pandas, Python, React, SQL, Tableau",Gothenburg
C3964002,Morgan Olsson,R005,rejected,2026-03-04 00:00:00,,2026-04-23,2026-03-23,"AWS, Excel, GCP, Kubernetes, Pandas, Python, React, SQL",Malmo
C1164177,Casey Persson,R005,sourced,2026-02-10 10:00:00,2026-02-12 16:00:00,2026-03-26,2026-03-03,"Azure, Excel, Looker, PostgreSQL",Remote
C1164177,Robin Lind,R005,rejected,2026-02-12 16:00:00,,2026-03-26,2026-03-03,"Airflow, Excel, GCP, Pandas, Spark, Tableau",Remote
C1523224,Morgan Nilsson,R001,sourced,2026-02-20 14:00:00,2026-02-21 19:00:00,2026-04-02,2026-03-05,"Docker, FastAPI, GCP, Looker, Power BI, Tableau",Remote
C1523224,Morgan Johansson,R001,screened,2026-02-21 19:00:00,2026-03-02 20:00:00,2026-04-02,2026-03-05,"Airflow, Excel, GCP, Kubernetes, Node, PostgreSQL, Spark",Malmo
C1523224,Robin Karlsson,R001,rejected,2026-03-02 20:00:00,,2026-04-02,2026-03-05,"AWS, Airflow, Azure, GCP, Node, Power BI, React, Tableau",Uppsala
C6877746,Morgan Berg,R005,sourced,2026-02-24 16:00:00,2026-02-24 23:00:00,2026-03-17,2026-03-22,"Excel, FastAPI, GCP, React, Tableau",Remote
C6877746,Avery Johansson,R005,rejected,2026-02-24 23:00:00,,2026-03-17,2026-03-22,"Looker, Node, SQL, Snowflake, Spark, dbt",Malmo
C5914936,Riley Johansson,R003,sourced,2026-02-19 14:00:00,2026-02-20 21:00:00,2026-03-24,2026-03-08,"FastAPI, GCP, Pandas, Spark, Tableau",Gothenburg
C5914936,Avery Karlsson,R003,screened,2026-02-20 21:00:00,2026-02-25 02:00:00,2026-03-24,2026-03-08,"FastAPI, React, Spark, dbt",Stockholm
C5914936,Sam Nilsson,R003,interview,2026-02-25 02:00:00,2026-03-01 03:00:00,2026-03-24,2026-03-08,"Docker, Kubernetes, Looker, SQL, Tableau",Stockholm
C5914936,Jamie Karlsson,R003,offer,2026-03-01 03:00:00,2026-03-05 06:00:00,2026-03-24,2026-03-08,"Airflow, Azure, Docker, Kubernetes, PostgreSQL, Spark, Tableau",Gothenburg
C5914936,Avery Berg,R003,hired,2026-03-05 06:00:00,,2026-03-24,2026-03-08,"FastAPI, GCP, Pandas, Power BI, Python, Snowflake, Tableau, dbt",Malmo
C2223003,Sam Nilsson,R006,sourced,2026-01-26 11:00:00,2026-01-28 12:00:00,2026-04-05,2026-01-26,"GCP, Kubernetes, React, Snowflake, Spark",Remote
C2223003,Skyler Svensson,R006,screened,2026-01-28 12:00:00,2026-01-31 13:00:00,2026-04-05,2026-01-26,"Python, React, Snowflake, Spark, Tableau",Stockholm
C2223003,Sam Svensson,R006,rejected,2026-01-31 13:00:00,,2026-04-05,2026-01-26,"Airflow, Docker, Kubernetes, Pandas, Power BI",Remote
C4038274,Alex Andersson,R005,sourced,2026-02-28 14:00:00,2026-03-04 15:00:00,2026-05-10,2026-03-09,"GCP, Kubernetes, Node, Power BI, Tableau",Stockholm
C4038274,Drew Karlsson,R005,screened,2026-03-04 15:00:00,2026-03-10 20:00:00,2026-05-10,2026-03-09,"AWS, Azure, FastAPI, Kubernetes, PostgreSQL, React, Tableau",Gothenburg
C4038274,Riley Johansson,R005,interview,2026-03-10 20:00:00,2026-03-17 01:00:00,2026-05-10,2026-03-09,"Azure, Looker, Node, Tableau",Malmo
C4038274,Cameron Gustafsson,R005,rejected,2026-03-17 01:00:00,,2026-05-10,2026-03-09,"Docker, GCP, Node, PostgreSQL, React, dbt",Stockholm
C7443755,Avery Berg,R005,sourced,2026-02-10 09:00:00,2026-02-15 15:00:00,2026-02-10,2026-03-07,"Docker, FastAPI, PostgreSQL, Power BI, React",Remote
C7443755,Morgan Eriksson,R005,screened,2026-02-15 15:00:00,2026-02-18 16:00:00,2026-02-10,2026-03-07,"AWS, GCP, Power BI, Tableau, dbt",Remote
C7443755,Sam Andersson,R005,interview,2026-02-18 16:00:00,2026-03-01 22:00:00,2026-02-10,2026-03-07,"AWS, Azure, FastAPI, Kubernetes, Node, Pandas, Power BI",Gothenburg
C7443755,Casey Nilsson,R005,rejected,2026-03-01 22:00:00,,2026-02-10,2026-03-07,"Azure, Docker, GCP, PostgreSQL, Python, Spark",Stockholm
C4129259,Morgan Eriksson,R006,sourced,2026-02-28 09:00:00,2026-03-02 11:00:00,2026-04-11,2026-03-11,"AWS, Azure, Looker, Power BI, React, Snowflake",Gothenburg
C4129259,Avery Berg,R006,screened,2026-03-02 11:00:00,2026-03-04 14:00:00,2026-04-11,2026-03-11,"Looker, Node, SQL, Snowflake, Spark, dbt",Uppsala
C4129259,Riley Larsson,R006,interview,2026-03-04 14:00:00,2026-03-09 17:00:00,2026-04-11,2026-03-11,"Azure, Kubernetes, Node, Pandas, Power BI, SQL, Snowflake, dbt",Gothenburg
C4129259,Robin Nilsson,R006,offer,2026-03-09 17:00:00,2026-03-15 21:00:00,2026-04-11,2026-03-11,"Airflow, Azure, FastAPI, Pandas, Power BI, SQL, Snowflake, Spark",Stockholm
C4129259,Jamie Gustafsson,R006,hired,2026-03-15 21:00:00,,2026-04-11,2026-03-11,"AWS, Docker, GCP, Looker, Power BI, React, Snowflake, dbt",Remote
C9168790,Jordan Eriksson,R005,sourced,2026-03-03 13:00:00,2026-03-06 17:00:00,2026-05-25,2026-03-21,"AWS, Docker, Excel, Tableau",Gothenburg
C9168790,Skyler Nilsson,R005,screened,2026-03-06 17:00:00,2026-03-12 00:00:00,2026-05-25,2026-03-21,"Airflow, Azure, Excel, GCP, Looker, Power BI, Spark, dbt",Stockholm
C9168790,Taylor Karlsson,R005,interview,2026-03-12 00:00:00,2026-03-19 05:00:00,2026-05-25,2026-03-21,"Airflow, FastAPI, GCP, Looker, Node, PostgreSQL, SQL",Gothenburg
C9168790,Alex Johansson,R005,rejected,2026-03-19 05:00:00,,2026-05-25,2026-03-21,"Excel, FastAPI, Pandas, SQL, Snowflake, Tableau",Gothenburg
C0304355,Robin Lind,R005,sourced,2026-02-25 12:00:00,2026-02-25 16:00:00,2026-03-06,2026-03-06,"AWS, Kubernetes, Pandas, React",Malmo
C0304355,Jordan Karlsson,R005,rejected,2026-02-25 16:00:00,,2026-03-06,2026-03-06,"Excel, Kubernetes, Spark, Tableau, dbt",Malmo
C8907180,Morgan Karlsson,R005,sourced,2026-02-22 10:00:00,2026-02-25 14:00:00,2026-05-05,2026-02-22,"Pandas, Python, Tableau, dbt",Malmo
C8907180,Cameron Johansson,R005,screened,2026-02-25 14:00:00,2026-03-01 14:00:00,2026-05-05,2026-02-22,"Airflow, Azure, FastAPI, Kubernetes, PostgreSQL, Tableau",Gothenburg
C8907180,Alex Svensson,R005,interview,2026-03-01 14:00:00,2026-03-10 14:00:00,2026-05-05,2026-02-22,"Airflow, Docker, FastAPI, GCP, Pandas, Power BI, Tableau, dbt",Remote
C8907180,Avery Andersson,R005,rejected,2026-03-10 14:00:00,,2026-05-05,2026-02-22,"Docker, Excel, Python, SQL, Snowflake",Stockholm
C0848219,Morgan Larsson,R005,sourced,2026-03-22 16:00:00,2026-03-27 19:00:00,2026-04-29,2026-04-03,"Airflow, Docker, Python, Spark",Uppsala
C0848219,Alex Lind,R005,screened,2026-03-27 19:00:00,2026-04-04 22:00:00,2026-04-29,2026-04-03,"Airflow, Looker, PostgreSQL, Power BI, Python, React, SQL, Tableau",Uppsala
C0848219,Drew Svensson,R005,interview,2026-04-04 22:00:00,2026-04-14 02:00:00,2026-04-29,2026-04-03,"Docker, Excel, GCP, Looker, Pandas, Python, dbt",Remote
C0848219,Jordan Andersson,R005,offer,2026-04-14 02:00:00,2026-04-20 04:00:00,2026-04-29,2026-04-03,"AWS, Airflow, Azure, Docker, GCP, Pandas, Power BI, SQL",Gothenburg
C0848219,Riley Olsson,R005,hired,2026-04-20 04:00:00,,2026-04-29,2026-04-03,"FastAPI, GCP, Kubernetes, React, SQL",Gothenburg
C8451963,Avery Johansson,R002,sourced,2026-01-28 12:00:00,2026-01-31 19:00:00,2026-02-15,2026-02-23,"FastAPI, GCP, PostgreSQL, Snowflake",Gothenburg
C8451963,Jamie Johansson,R002,screened,2026-01-31 19:00:00,2026-02-09 22:00:00,2026-02-15,2026-02-23,"Docker, Node, Pandas, Snowflake, Spark",Malmo
C8451963,Avery Lind,R002,interview,2026-02-09 22:00:00,2026-02-21 03:00:00,2026-02-15,2026-02-23,"AWS, PostgreSQL, Power BI, Spark, Tableau",Gothenburg
C8451963,Riley Gustafsson,R002,offer,2026-02-21 03:00:00,2026-02-27 07:00:00,2026-02-15,2026-02-23,"Docker, GCP, Pandas, React, Tableau, dbt",Uppsala
C8451963,Drew Nilsson,R002,rejected,2026-02-27 07:00:00,,2026-02-15,2026-02-23,"Azure, FastAPI, GCP, Kubernetes, Snowflake, Spark, Tableau, dbt",Uppsala
C7531036,Robin Nilsson,R002,sourced,2025-12-29 16:00:00,2025-12-31 18:00:00,2026-03-09,2026-01-06,"Airflow, Azure, Excel, PostgreSQL, Python, SQL, dbt",Uppsala
C7531036,Morgan Berg,R002,screened,2025-12-31 18:00:00,2026-01-05 18:00:00,2026-03-09,2026-01-06,"Airflow, Azure, Excel, Kubernetes, Looker, SQL, Snowflake, Tableau",Malmo
C7531036,Skyler Johansson,R002,interview,2026-01-05 18:00:00,2026-01-14 20:00:00,2026-03-09,2026-01-06,"AWS, Airflow, Excel, PostgreSQL, Power BI, React, dbt",Uppsala
C7531036,Robin Nilsson,R002,rejected,2026-01-14 20:00:00,,2026-03-09,2026-01-06,"FastAPI, React, SQL, Tableau, dbt",Stockholm
C2306777,Skyler Lind,R001,sourced,2026-01-08 14:00:00,2026-01-11 18:00:00,2026-04-09,2026-01-14,"Airflow, Azure, GCP, Looker, Node, Pandas, PostgreSQL",Stockholm
C2306777,Drew Persson,R001,rejected,2026-01-11 18:00:00,,2026-04-09,2026-01-14,"Azure, Excel, Looker, Node, Python, SQL",Stockholm
C4370803,Alex Eriksson,R002,sourced,2026-01-28 10:00:00,2026-01-31 14:00:00,2026-03-27,2026-02-26,"Excel, Kubernetes, Looker, Pandas, Power BI, Snowflake, Tableau",Remote
C4370803,Quinn Andersson,R002,screened,2026-01-31 14:00:00,2026-02-01 20:00:00,2026-03-27,2026-02-26,"Pandas, Power BI, Python, React, SQL",Uppsala
C4370803,Quinn Johansson,R002,rejected,2026-02-01 20:00:00,,2026-03-27,2026-02-26,"AWS, Azure, Excel, Node, PostgreSQL, React, SQL, dbt",Malmo
C3600562,Morgan Olsson,R006,sourced,2026-02-05 13:00:00,2026-02-05 14:00:00,2026-03-23,2026-02-27,"Docker, Excel, FastAPI, Tableau",Gothenburg
C3600562,Riley Johansson,R006,screened,2026-02-05 14:00:00,2026-02-11 19:00:00,2026-03-23,2026-02-27,"Airflow, Azure, FastAPI, Pandas, Power BI",Stockholm
C3600562,Avery Lind,R006,rejected,2026-02-11 19:00:00,,2026-03-23,2026-02-27,"AWS, Excel, Looker, PostgreSQL, SQL, dbt",Malmo
C9169928,Alex Larsson,R003,sourced,2026-03-18 16:00:00,2026-03-20 18:00:00,2026-04-04,2026-04-05,"GCP, PostgreSQL, Power BI, Python, React, SQL, Snowflake",Malmo
C9169928,Riley Andersson,R003,screened,2026-03-20 18:00:00,2026-03-28 00:00:00,2026-04-04,2026-04-05,"Airflow, Azure, Pandas, Snowflake",Remote
C9169928,Taylor Olsson,R003,interview,2026-03-28 00:00:00,2026-03-31 05:00:00,2026-04-04,2026-04-05,"AWS, Azure, Kubernetes, Python, SQL, Snowflake",Gothenburg
C9169928,Alex Berg,R003,rejected,2026-03-31 05:00:00,,2026-04-04,2026-04-05,"AWS, Excel, GCP, Kubernetes, Node, Power BI, SQL",Stockholm
C1772038,Quinn Larsson,R004,sourced,2026-01-09 15:00:00,2026-01-10 19:00:00,2026-03-05,2026-01-13,"Docker, Excel, FastAPI, Node, PostgreSQL, SQL, Snowflake, Tableau",Gothenburg
C1772038,Robin Berg,R004,screened,2026-01-10 19:00:00,2026-01-14 19:00:00,2026-03-05,2026-01-13,"Airflow, Node, PostgreSQL, SQL, dbt",Remote
C1772038,Alex Svensson,R004,interview,2026-01-14 19:00:00,2026-01-22 00:00:00,2026-03-05,2026-01-13,"Airflow, Azure, FastAPI, GCP, Kubernetes, PostgreSQL",Malmo
C1772038,Morgan Johansson,R004,rejected,2026-01-22 00:00:00,,2026-03-05,2026-01-13,"Airflow, Node, PostgreSQL, Tableau, dbt",Malmo
C1656146,Casey Berg,R003,sourced,2026-03-01 15:00:00,2026-03-06 18:00:00,2026-05-03,2026-03-11,"Azure, Kubernetes, Looker, Python",Stockholm
C1656146,Avery Berg,R003,screened,2026-03-06 18:00:00,2026-03-07 18:00:00,2026-05-03,2026-03-11,"AWS, Excel, Kubernetes, Looker, PostgreSQL, Power BI, Spark",Stockholm
C1656146,Taylor Lind,R003,interview,2026-03-07 18:00:00,2026-03-13 18:00:00,2026-05-03,2026-03-11,"Airflow, Excel, FastAPI, Node, Spark",Malmo
C1656146,Taylor Johansson,R003,rejected,2026-03-13 18:00:00,,2026-05-03,2026-03-11,"AWS, Azure, FastAPI, Node, Spark, Tableau, dbt",Malmo
C6437009,Drew Karlsson,R002,sourced,2026-02-01 13:00:00,2026-02-05 13:00:00,2026-02-02,2026-02-18,"Airflow, Azure, Docker, Excel, GCP, Kubernetes, PostgreSQL, Spark",Malmo
C6437009,Jamie Lind,R002,screened,2026-02-05 13:00:00,2026-02-09 18:00:00,2026-02-02,2026-02-18,"AWS, Airflow, Excel, Kubernetes, Looker, PostgreSQL, Power BI, Tableau",Uppsala
C6437009,Jordan Svensson,R002,rejected,2026-02-09 18:00:00,,2026-02-02,2026-02-18,"Azure, Docker, Excel, FastAPI, Looker, Power BI, React, Spark",Malmo
C3883011,Riley Berg,R001,sourced,2026-02-24 13:00:00,2026-03-01 19:00:00,2026-05-16,2026-03-02,"Airflow, Azure, FastAPI, PostgreSQL, React, Spark",Uppsala
C3883011,Jamie Olsson,R001,rejected,2026-03-01 19:00:00,,2026-05-16,2026-03-02,"Azure, GCP, Kubernetes, Looker, Spark",Gothenburg
C5095266,Quinn Larsson,R002,sourced,2026-02-15 09:00:00,2026-02-17 13:00:00,2026-04-05,2026-02-20,"Azure, GCP, Looker, Python, Snowflake, dbt",Gothenburg
C5095266,Avery Johansson,R002,screened,2026-02-17 13:00:00,2026-02-24 16:00:00,2026-04-05,2026-02-20,"AWS, Docker, Kubernetes, PostgreSQL, React, Snowflake, Tableau",Uppsala
C5095266,Casey Svensson,R002,interview,2026-02-24 16:00:00,2026-03-03 20:00:00,2026-04-05,2026-02-20,"Azure, Kubernetes, Node, Pandas, Power BI, Tableau, dbt",Gothenburg
C5095266,Sam Eriksson,R002,offer,2026-03-03 20:00:00,2026-03-10 20:00:00,2026-04-05,2026-02-20,"Airflow, Docker, GCP, Tableau",Remote
C5095266,Riley Johansson,R002,rejected,2026-03-10 20:00:00,,2026-04-05,2026-02-20,"Excel, GCP, Node, Python",Uppsala
C7401513,Avery Persson,R005,sourced,2026-02-15 15:00:00,2026-02-20 21:00:00,2026-05-01,2026-03-10,"AWS, Airflow, Pandas, Power BI, Python, Spark",Uppsala
C7401513,Jordan Olsson,R005,screened,2026-02-20 21:00:00,2026-02-23 01:00:00,2026-05-01,2026-03-10,"FastAPI, Power BI, Snowflake, Spark, Tableau",Stockholm
C7401513,Quinn Johansson,R005,rejected,2026-02-23 01:00:00,,2026-05-01,2026-03-10,"Airflow, Docker, Excel, GCP, SQL, Snowflake, dbt",Remote
C5836689,Taylor Olsson,R002,sourced,2026-01-29 13:00:00,2026-02-02 15:00:00,2026-05-13,2026-02-18,"AWS, Docker, Kubernetes, Node, Snowflake, Spark, Tableau, dbt",Stockholm
C5836689,Cameron Eriksson,R002,screened,2026-02-02 15:00:00,2026-02-06 21:00:00,2026-05-13,2026-02-18,"Docker, Node, Power BI, Snowflake",Remote
C5836689,Avery Andersson,R002,interview,2026-02-06 21:00:00,2026-02-18 01:00:00,2026-05-13,2026-02-18,"Azure, GCP, Node, Power BI, React",Remote
C5836689,Morgan Johansson,R002,rejected,2026-02-18 01:00:00,,2026-05-13,2026-02-18,"Airflow, GCP, Kubernetes, PostgreSQL, Python, React, SQL, Snowflake",Stockholm
C8948706,Taylor Persson,R003,sourced,2026-03-16 13:00:00,2026-03-17 17:00:00,2026-06-16,2026-04-11,"GCP, Looker, Power BI, Python, React, Tableau, dbt",Gothenburg
C8948706,Robin Persson,R003,rejected,2026-03-17 17:00:00,,2026-06-16,2026-04-11,"Airflow, Pandas, PostgreSQL, Python",Remote
C7693493,Quinn Johansson,R001,sourced,2026-01-17 10:00:00,2026-01-19 17:00:00,2026-02-19,2026-02-03,"Docker, Node, Pandas, PostgreSQL, Python, React",Remote
C7693493,Jordan Olsson,R001,screened,2026-01-19 17:00:00,2026-01-23 23:00:00,2026-02-19,2026-02-03,"Airflow, Azure, FastAPI, Kubernetes, Python, SQL, Tableau",Uppsala
C7693493,Riley Larsson,R001,rejected,2026-01-23 23:00:00,,2026-02-19,2026-02-03,"Airflow, Node, Pandas, SQL, dbt",Uppsala
C6217442,Drew Gustafsson,R001,sourced,2026-01-01 09:00:00,2026-01-01 14:00:00,2026-03-23,2026-01-03,"AWS, Airflow, Kubernetes, Pandas, React, Spark",Uppsala
C6217442,Jamie Persson,R001,rejected,2026-01-01 14:00:00,,2026-03-23,2026-01-03,"AWS, Airflow, FastAPI, Looker, Power BI, SQL, Spark, dbt",Uppsala
C9891418,Skyler Olsson,R005,sourced,2026-03-09 10:00:00,2026-03-12 16:00:00,2026-03-19,2026-03-31,"Excel, FastAPI, Kubernetes, Pandas, PostgreSQL, Python, Snowflake, dbt",Uppsala
C9891418,Taylor Berg,R005,rejected,2026-03-12 16:00:00,,2026-03-19,2026-03-31,"AWS, Azure, Docker, GCP, Pandas, PostgreSQL, Spark",Uppsala
C5378778,Sam Nilsson,R006,sourced,2026-02-14 09:00:00,2026-02-14 12:00:00,2026-03-26,2026-03-08,"AWS, Airflow, Azure, Looker, Pandas, Tableau",Malmo
C5378778,Casey Andersson,R006,screened,2026-02-14 12:00:00,2026-02-16 17:00:00,2026-03-26,2026-03-08,"Azure, Docker, Excel, GCP, Python, dbt",Stockholm
C5378778,Morgan Karlsson,R006,interview,2026-02-16 17:00:00,2026-02-24 21:00:00,2026-03-26,2026-03-08,"Airflow, Docker, Looker, PostgreSQL, React, Spark, dbt",Malmo
C5378778,Alex Persson,R006,rejected,2026-02-24 21:00:00,,2026-03-26,2026-03-08,"AWS, Looker, Pandas, Power BI, Python, Snowflake, Tableau, dbt",Uppsala
C8798271,Cameron Svensson,R001,sourced,2026-02-22 15:00:00,2026-02-24 22:00:00,2026-05-14,2026-03-23,"Kubernetes, Node, SQL, Spark, dbt",Gothenburg
C8798271,Robin Karlsson,R001,rejected,2026-02-24 22:00:00,,2026-05-14,2026-03-23,"Airflow, Azure, FastAPI, Node, Pandas, Power BI, SQL, dbt",Gothenburg
C7112166,Drew Lind,R006,sourced,2026-02-24 11:00:00,2026-03-01 14:00:00,2026-05-04,2026-02-27,"Airflow, Pandas, SQL, Snowflake",Stockholm
C7112166,Riley Karlsson,R006,screened,2026-03-01 14:00:00,2026-03-08 15:00:00,2026-05-04,2026-02-27,"AWS, Airflow, FastAPI, Looker, SQL, Snowflake, dbt",Stockholm
C7112166,Sam Lind,R006,interview,2026-03-08 15:00:00,2026-03-22 21:00:00,2026-05-04,2026-02-27,"Azure, Docker, GCP, Node, SQL, Tableau",Uppsala
C7112166,Robin Karlsson,R006,rejected,2026-03-22 21:00:00,,2026-05-04,2026-02-27,"AWS, Docker, Node, Power BI, Python, Snowflake",Malmo
C4285616,Riley Karlsson,R005,sourced,2026-03-12 11:00:00,2026-03-20 15:00:00,2026-06-12,2026-03-16,"Docker, GCP, Kubernetes, PostgreSQL, Snowflake, Tableau",Stockholm
C4285616,Jordan Berg,R005,rejected,2026-03-20 15:00:00,,2026-06-12,2026-03-16,"Azure, FastAPI, GCP, SQL, Tableau",Gothenburg
C5415878,Cameron Lind,R005,sourced,2026-03-16 16:00:00,2026-03-17 22:00:00,2026-04-14,2026-03-17,"Airflow, Azure, Looker, Python, Tableau",Stockholm
C5415878,Jordan Karlsson,R005,rejected,2026-03-17 22:00:00,,2026-04-14,2026-03-17,"Azure, FastAPI, Kubernetes, Looker, Pandas, Power BI, React",Uppsala
C2105653,Taylor Johansson,R006,sourced,2026-03-08 14:00:00,2026-03-10 20:00:00,2026-06-25,2026-03-18,"AWS, Airflow, Node, Pandas, Python, dbt",Stockholm
C2105653,Cameron Berg,R006,screened,2026-03-10 20:00:00,2026-03-16 23:00:00,2026-06-25,2026-03-18,"Airflow, Azure, Excel, FastAPI, Power BI, Python, React, dbt",Gothenburg
C2105653,Jamie Nilsson,R006,interview,2026-03-16 23:00:00,2026-03-26 02:00:00,2026-06-25,2026-03-18,"Docker, Excel, FastAPI, Kubernetes, Looker, PostgreSQL, Power BI, dbt",Remote
C2105653,Alex Olsson,R006,offer,2026-03-26 02:00:00,2026-04-05 06:00:00,2026-06-25,2026-03-18,"Azure, Docker, Kubernetes, SQL, Snowflake, Tableau, dbt",Gothenburg
C2105653,Morgan Berg,R006,hired,2026-04-05 06:00:00,,2026-06-25,2026-03-18,"GCP, Looker, Pandas, Snowflake",Malmo
C0375980,Casey Larsson,R004,sourced,2026-02-18 11:00:00,2026-02-21 14:00:00,2026-05-27,2026-03-05,"Excel, GCP, Kubernetes, Looker, Pandas, SQL",Uppsala
C0375980,Riley Gustafsson,R004,screened,2026-02-21 14:00:00,2026-02-26 21:00:00,2026-05-27,2026-03-05,"Azure, Docker, Excel, Pandas, React, SQL, Snowflake",Uppsala
C0375980,Riley Svensson,R004,rejected,2026-02-26 21:00:00,,2026-05-27,2026-03-05,"Excel, FastAPI, GCP, Node, Snowflake, Spark, dbt",Remote
C1715921,Avery Andersson,R006,sourced,2026-02-17 11:00:00,2026-02-20 14:00:00,2026-02-22,2026-03-02,"AWS, Azure, Excel, Kubernetes, Node, Power BI, React, Snowflake",Uppsala
C1715921,Quinn Karlsson,R006,screened,2026-02-20 14:00:00,2026-02-24 18:00:00,2026-02-22,2026-03-02,"AWS, Airflow, Azure, GCP, Node, Python, React, Tableau",Remote
C1715921,Sam Svensson,R006,interview,2026-02-24 18:00:00,2026-03-06 20:00:00,2026-02-22,2026-03-02,"Excel, Kubernetes, Node, Pandas",Gothenburg
C1715921,Drew Johansson,R006,rejected,2026-03-06 20:00:00,,2026-02-22,2026-03-02,"Excel, FastAPI, GCP, Looker, PostgreSQL, Tableau, dbt",Malmo
C2025139,Drew Andersson,R005,sourced,2026-02-13 09:00:00,2026-02-15 14:00:00,2026-04-04,2026-02-13,"Airflow, Azure, Looker, PostgreSQL, Python, React, Spark",Uppsala
C2025139,Cameron Karlsson,R005,screened,2026-02-15 14:00:00,2026-02-15 14:00:00,2026-04-04,2026-02-13,"AWS, Kubernetes, Node, Python, Spark, Tableau, dbt",Remote
C2025139,Robin Larsson,R005,rejected,2026-02-15 14:00:00,,2026-04-04,2026-02-13,"AWS, Azure, Excel, FastAPI, GCP, Python, Spark",Malmo
C5571582,Morgan Persson,R004,sourced,2026-02-16 14:00:00,2026-02-18 21:00:00,2026-04-08,2026-03-14,"Kubernetes, Pandas, Spark, dbt",Stockholm
C5571582,Alex Svensson,R004,rejected,2026-02-18 21:00:00,,2026-04-08,2026-03-14,"AWS, Docker, Power BI, Python, Spark",Uppsala
C5840205,Skyler Nilsson,R006,sourced,2026-02-14 10:00:00,2026-02-18 12:00:00,2026-05-07,2026-02-19,"Airflow, PostgreSQL, Python, dbt",Remote
C5840205,Robin Berg,R006,screened,2026-02-18 12:00:00,2026-02-23 14:00:00,2026-05-07,2026-02-19,"FastAPI, Looker, PostgreSQL, Snowflake, Tableau",Gothenburg
C5840205,Jamie Lind,R006,interview,2026-02-23 14:00:00,2026-02-27 17:00:00,2026-05-07,2026-02-19,"AWS, Airflow, Excel, Kubernetes, Pandas, PostgreSQL, Python",Gothenburg
C5840205,Sam Persson,R006,offer,2026-02-27 17:00:00,2026-03-06 23:00:00,2026-05-07,2026-02-19,"Docker, Pandas, Power BI, Snowflake, Spark, Tableau, dbt",Remote
C5840205,Cameron Andersson,R006,hired,2026-03-06 23:00:00,,2026-05-07,2026-02-19,"Airflow, PostgreSQL, Power BI, SQL, Spark, Tableau",Stockholm
C5288666,Taylor Larsson,R003,sourced,2026-03-23 12:00:00,2026-03-26 16:00:00,2026-07-17,2026-04-02,"AWS, GCP, Pandas, React, Tableau",Stockholm
C5288666,Sam Gustafsson,R003,screened,2026-03-26 16:00:00,2026-04-04 18:00:00,2026-07-17,2026-04-02,"Airflow, GCP, Node, Pandas, React, SQL, Snowflake, dbt",Malmo
C5288666,Skyler Persson,R003,rejected,2026-04-04 18:00:00,,2026-07-17,2026-04-02,"Docker, Kubernetes, React, SQL, Snowflake",Gothenburg
C5470144,Morgan Larsson,R004,sourced,2026-02-14 13:00:00,2026-02-16 16:00:00,2026-03-03,2026-03-15,"AWS, Airflow, Azure, GCP, Power BI, Tableau",Stockholm
C5470144,Taylor Persson,R004,rejected,2026-02-16 16:00:00,,2026-03-03,2026-03-15,"Docker, Excel, React, SQL, Spark",Uppsala
C6592216,Casey Johansson,R003,sourced,2026-03-12 11:00:00,2026-03-15 12:00:00,2026-06-03,2026-03-23,"AWS, Azure, Docker, Node, Power BI, Python",Uppsala
C6592216,Robin Olsson,R003,screened,2026-03-15 12:00:00,2026-03-17 19:00:00,2026-06-03,2026-03-23,"AWS, FastAPI, GCP, React, Spark, Tableau",Gothenburg
C6592216,Morgan Eriksson,R003,interview,2026-03-17 19:00:00,2026-04-04 00:00:00,2026-06-03,2026-03-23,"Docker, GCP, Looker, Node, Power BI, SQL",Malmo
C6592216,Robin Johansson,R003,offer,2026-04-04 00:00:00,2026-04-13 02:00:00,2026-06-03,2026-03-23,"Airflow, Azure, FastAPI, GCP, Power BI, Spark, Tableau, dbt",Malmo
C6592216,Morgan Svensson,R003,hired,2026-04-13 02:00:00,,2026-06-03,2026-03-23,"Excel, FastAPI, Kubernetes, Node, React, Snowflake",Malmo
C1604774,Robin Berg,R002,sourced,2026-01-16 15:00:00,2026-01-18 16:00:00,2026-02-07,2026-01-18,"FastAPI, GCP, Python, Tableau",Stockholm
C1604774,Alex Johansson,R002,rejected,2026-01-18 16:00:00,,2026-02-07,2026-01-18,"AWS, FastAPI, Looker, SQL",Remote
C7403762,Cameron Berg,R003,sourced,2026-03-24 12:00:00,2026-03-28 18:00:00,2026-05-18,2026-03-26,"AWS, Node, PostgreSQL, Power BI, Tableau, dbt",Malmo
C7403762,Robin Johansson,R003,rejected,2026-03-28 18:00:00,,2026-05-18,2026-03-26,"Airflow, Azure, FastAPI, Looker, Node, Pandas, Python, Snowflake",Remote
C4856137,Taylor Olsson,R004,sourced,2026-02-17 09:00:00,2026-02-24 09:00:00,2026-02-26,2026-03-09,"Airflow, Excel, Pandas, PostgreSQL, React, SQL, Snowflake",Uppsala
C4856137,Morgan Eriksson,R004,rejected,2026-02-24 09:00:00,,2026-02-26,2026-03-09,"GCP, Kubernetes, Looker, Pandas, React",Malmo
C8216531,Riley Svensson,R006,sourced,2026-03-12 15:00:00,2026-03-13 17:00:00,2026-06-09,2026-03-29,"AWS, FastAPI, Looker, React, Spark, dbt",Malmo
C8216531,Sam Johansson,R006,screened,2026-03-13 17:00:00,2026-03-21 18:00:00,2026-06-09,2026-03-29,"FastAPI, Node, Python, Snowflake, Spark, dbt",Uppsala
C8216531,Riley Eriksson,R006,interview,2026-03-21 18:00:00,2026-04-03 21:00:00,2026-06-09,2026-03-29,"AWS, Kubernetes, Pandas, PostgreSQL, React, Snowflake, Spark",Gothenburg
C8216531,Riley Olsson,R006,rejected,2026-04-03 21:00:00,,2026-06-09,2026-03-29,"Azure, Looker, Node, Python, React, Spark, Tableau, dbt",Remote
C1989364,Morgan Olsson,R003,sourced,2026-02-23 10:00:00,2026-02-25 12:00:00,2026-04-10,2026-03-11,"Airflow, PostgreSQL, React, dbt",Uppsala
C1989364,Jordan Nilsson,R003,rejected,2026-02-25 12:00:00,,2026-04-10,2026-03-11,"Airflow, Kubernetes, Node, Snowflake, Tableau",Remote
C8364761,Cameron Svensson,R002,sourced,2026-01-06 16:00:00,2026-01-07 19:00:00,2026-03-09,2026-01-14,"Azure, Kubernetes, Snowflake, dbt",Gothenburg
C8364761,Casey Larsson,R002,screened,2026-01-07 19:00:00,2026-01-11 23:00:00,2026-03-09,2026-01-14,"AWS, Docker, Excel, Kubernetes, Looker, SQL",Gothenburg
C8364761,Robin Andersson,R002,rejected,2026-01-11 23:00:00,,2026-03-09,2026-01-14,"Azure, Excel, Power BI, Python",Gothenburg
C1246124,Jamie Johansson,R006,sourced,2026-01-25 12:00:00,2026-01-26 15:00:00,2026-04-26,2026-02-09,"Airflow, Excel, Pandas, PostgreSQL, Power BI, Python, Spark, dbt",Stockholm
C1246124,Quinn Svensson,R006,rejected,2026-01-26 15:00:00,,2026-04-26,2026-02-09,"Airflow, Excel, Power BI, Python, React, SQL, Tableau",Malmo
C5431595,Morgan Persson,R001,sourced,2026-02-02 14:00:00,2026-02-06 18:00:00,2026-03-20,2026-02-05,"Docker, Looker, Node, React, Snowflake, Spark, dbt",Gothenburg
C5431595,Alex Nilsson,R001,screened,2026-02-06 18:00:00,2026-02-14 18:00:00,2026-03-20,2026-02-05,"Airflow, Kubernetes, Looker, Python, SQL, Snowflake, Spark",Uppsala
C5431595,Cameron Berg,R001,rejected,2026-02-14 18:00:00,,2026-03-20,2026-02-05,"Azure, FastAPI, Kubernetes, Python, React, Snowflake, dbt",Uppsala
C2054832,Jordan Gustafsson,R003,sourced,2026-03-30 14:00:00,2026-04-01 14:00:00,2026-06-12,2026-04-27,"Azure, Docker, Excel, Node, PostgreSQL, React, SQL",Stockholm
C2054832,Cameron Andersson,R003,rejected,2026-04-01 14:00:00,,2026-06-12,2026-04-27,"Airflow, GCP, Kubernetes, Looker, Pandas, Python",Gothenburg
C8920640,Avery Berg,R003,sourced,2026-02-25 16:00:00,2026-02-28 18:00:00,2026-04-09,2026-03-04,"AWS, Azure, GCP, Looker, Power BI, Python, SQL, Tableau",Stockholm
C8920640,Alex Berg,R003,screened,2026-02-28 18:00:00,2026-03-05 22:00:00,2026-04-09,2026-03-04,"Docker, Excel, FastAPI, React, SQL, Snowflake, Spark, Tableau",Malmo
C8920640,Jamie Persson,R003,rejected,2026-03-05 22:00:00,,2026-04-09,2026-03-04,"Excel, FastAPI, Power BI, Snowflake",Uppsala
C9672330,Riley Svensson,R001,sourced,2026-02-23 10:00:00,2026-02-26 10:00:00,2026-04-17,2026-03-05,"Azure, Python, SQL, Spark, Tableau",Stockholm
C9672330,Casey Persson,R001,screened,2026-02-26 10:00:00,2026-02-27 16:00:00,2026-04-17,2026-03-05,"Azure, GCP, PostgreSQL, Power BI",Remote
C9672330,Avery Larsson,R001,interview,2026-02-27 16:00:00,2026-03-09 20:00:00,2026-04-17,2026-03-05,"Azure, Excel, FastAPI, PostgreSQL, Power BI, React, Snowflake, Tableau",Uppsala
C9672330,Alex Svensson,R001,rejected,2026-03-09 20:00:00,,2026-04-17,2026-03-05,"Airflow, Kubernetes, PostgreSQL, SQL, Snowflake, Spark",Remote
C8113486,Quinn Svensson,R002,sourced,2026-01-03 13:00:00,2026-01-07 14:00:00,2026-04-18,2026-01-22,"Docker, GCP, Kubernetes, Node, Pandas, React, Snowflake, Spark",Uppsala
C8113486,Drew Johansson,R002,screened,2026-01-07 14:00:00,2026-01-08 16:00:00,2026-04-18,2026-01-22,"AWS, Azure, Node, PostgreSQL, Power BI, Spark",Stockholm
C8113486,Drew Nilsson,R002,interview,2026-01-08 16:00:00,2026-01-13 22:00:00,2026-04-18,2026-01-22,"Airflow, Docker, Excel, GCP, Looker, Power BI, React",Uppsala
C8113486,Sam Eriksson,R002,offer,2026-01-13 22:00:00,2026-01-20 03:00:00,2026-04-18,2026-01-22,"AWS, GCP, Kubernetes, Spark, dbt",Stockholm
C8113486,Avery Larsson,R002,rejected,2026-01-20 03:00:00,,2026-04-18,2026-01-22,"AWS, FastAPI, Power BI, Python, Snowflake, Tableau, dbt",Uppsala
C1870168,Alex Johansson,R006,sourced,2026-01-31 10:00:00,2026-02-02 13:00:00,2026-04-06,2026-02-03,"Excel, FastAPI, Looker, PostgreSQL, Power BI, Python",Remote
C1870168,Sam Larsson,R006,screened,2026-02-02 13:00:00,2026-02-07 14:00:00,2026-04-06,2026-02-03,"Airflow, Looker, Pandas, PostgreSQL, SQL, Tableau",Stockholm
C1870168,Jordan Gustafsson,R006,rejected,2026-02-07 14:00:00,,2026-04-06,2026-02-03,"AWS, Airflow, FastAPI, GCP, Looker, Power BI, dbt",Malmo
C2742419,Avery Olsson,R002,sourced,2026-02-03 11:00:00,2026-02-03 14:00:00,2026-05-09,2026-02-04,"Docker, Kubernetes, Looker, PostgreSQL, Python, SQL, Tableau",Uppsala
C2742419,Riley Johansson,R002,screened,2026-02-03 14:00:00,2026-02-06 18:00:00,2026-05-09,2026-02-04,"AWS, Azure, GCP, Looker, Node, PostgreSQL, Snowflake, Tableau",Uppsala
C2742419,Riley Persson,R002,rejected,2026-02-06 18:00:00,,2026-05-09,2026-02-04,"Airflow, Excel, Kubernetes, Node, Spark, Tableau",Malmo
C8940188,Taylor Karlsson,R001,sourced,2026-01-01 11:00:00,2026-01-04 13:00:00,2026-01-30,2026-01-10,"Azure, Kubernetes, Node, Python, React, SQL",Malmo
C8940188,Casey Larsson,R001,screened,2026-01-04 13:00:00,2026-01-04 17:00:00,2026-01-30,2026-01-10,"Airflow, Looker, PostgreSQL, Power BI, SQL, Spark",Stockholm
C8940188,Casey Olsson,R001,interview,2026-01-04 17:00:00,2026-01-18 23:00:00,2026-01-30,2026-01-10,"Looker, Power BI, Snowflake, Spark",Remote
C8940188,Alex Svensson,R001,rejected,2026-01-18 23:00:00,,2026-01-30,2026-01-10,"AWS, Docker, GCP, Kubernetes, Pandas, Python, Tableau",Malmo
C1348441,Morgan Andersson,R002,sourced,2026-01-19 13:00:00,2026-01-21 13:00:00,2026-03-30,2026-02-06,"Azure, GCP, Kubernetes, React, SQL, Snowflake, dbt",Malmo
C1348441,Jamie Larsson,R002,screened,2026-01-21 13:00:00,2026-01-25 16:00:00,2026-03-30,2026-02-06,"Excel, GCP, Python, Snowflake, dbt",Gothenburg
C1348441,Taylor Lind,R002,interview,2026-01-25 16:00:00,2026-02-03 17:00:00,2026-03-30,2026-02-06,"Azure, Docker, FastAPI, GCP, Node, Python, Snowflake",Remote
C1348441,Drew Larsson,R002,rejected,2026-02-03 17:00:00,,2026-03-30,2026-02-06,"Kubernetes, SQL, Spark, Tableau",Remote
C5133070,Alex Nilsson,R001,sourced,2026-02-22 09:00:00,2026-02-24 10:00:00,2026-04-05,2026-02-24,"AWS, Node, SQL, Tableau",Uppsala
C5133070,Cameron Larsson,R001,screened,2026-02-24 10:00:00,2026-03-01 13:00:00,2026-04-05,2026-02-24,"Airflow, GCP, Node, Pandas, Tableau",Uppsala
C5133070,Drew Andersson,R001,interview,2026-03-01 13:00:00,2026-03-15 17:00:00,2026-04-05,2026-02-24,"Airflow, Azure, FastAPI, Kubernetes, Pandas, React, SQL, Spark",Gothenburg
C5133070,Jordan Berg,R001,rejected,2026-03-15 17:00:00,,2026-04-05,2026-02-24,"Azure, GCP, Snowflake, Spark",Malmo
C3830523,Skyler Persson,R003,sourced,2026-03-10 14:00:00,2026-03-14 18:00:00,2026-04-12,2026-03-21,"AWS, FastAPI, Kubernetes, Node, Python, React, Spark",Gothenburg
C3830523,Quinn Larsson,R003,screened,2026-03-14 18:00:00,2026-03-20 20:00:00,2026-04-12,2026-03-21,"Azure, Docker, Excel, GCP, Node, Power BI, Snowflake",Malmo
C3830523,Skyler Larsson,R003,rejected,2026-03-20 20:00:00,,2026-04-12,2026-03-21,"AWS, Airflow, Docker, GCP, Spark, Tableau",Uppsala
C0964877,Avery Lind,R001,sourced,2026-01-10 14:00:00,2026-01-11 16:00:00,2026-02-13,2026-01-12,"AWS, Excel, SQL, Snowflake",Gothenburg
C0964877,Morgan Nilsson,R001,screened,2026-01-11 16:00:00,2026-01-12 19:00:00,2026-02-13,2026-01-12,"AWS, Docker, FastAPI, Kubernetes",Gothenburg
C0964877,Robin Lind,R001,interview,2026-01-12 19:00:00,2026-01-15 01:00:00,2026-02-13,2026-01-12,"Azure, FastAPI, Kubernetes, Pandas",Uppsala
C0964877,Alex Gustafsson,R001,offer,2026-01-15 01:00:00,2026-01-18 03:00:00,2026-02-13,2026-01-12,"Excel, FastAPI, Pandas, Python, Snowflake, Tableau",Gothenburg
C0964877,Taylor Nilsson,R001,rejected,2026-01-18 03:00:00,,2026-02-13,2026-01-12,"Airflow, Excel, Pandas, Python, React, dbt",Remote
C4523939,Jordan Svensson,R001,sourced,2026-02-15 11:00:00,2026-02-15 15:00:00,2026-04-25,2026-03-08,"Airflow, Power BI, Python, Spark, Tableau",Uppsala
C4523939,Casey Olsson,R001,screened,2026-02-15 15:00:00,2026-02-18 17:00:00,2026-04-25,2026-03-08,"Airflow, Azure, FastAPI, SQL, Tableau",Uppsala
C4523939,Drew Andersson,R001,interview,2026-02-18 17:00:00,2026-02-24 20:00:00,2026-04-25,2026-03-08,"AWS, Excel, Looker, Snowflake, Tableau, dbt",Gothenburg
C4523939,Morgan Andersson,R001,offer,2026-02-24 20:00:00,2026-03-04 22:00:00,2026-04-25,2026-03-08,"AWS, FastAPI, GCP, Kubernetes, Looker, Python, React, SQL",Gothenburg
C4523939,Avery Karlsson,R001,hired,2026-03-04 22:00:00,,2026-04-25,2026-03-08,"AWS, Airflow, Docker, Kubernetes, Pandas",Remote
C7221118,Riley Larsson,R006,sourced,2026-03-16 13:00:00,2026-03-20 17:00:00,2026-03-17,2026-04-10,"AWS, Airflow, Azure, Docker, Kubernetes, Python, React",Stockholm
C7221118,Skyler Larsson,R006,rejected,2026-03-20 17:00:00,,2026-03-17,2026-04-10,"Airflow, Docker, FastAPI, GCP, Kubernetes, Snowflake, Tableau, dbt",Stockholm
C0602756,Quinn Olsson,R002,sourced,2026-02-06 10:00:00,2026-02-09 13:00:00,2026-05-11,2026-02-23,"Airflow, React, SQL, Snowflake",Stockholm
C0602756,Riley Karlsson,R002,screened,2026-02-09 13:00:00,2026-02-16 15:00:00,2026-05-11,2026-02-23,"Azure, Looker, Pandas, PostgreSQL, React, SQL, Snowflake",Malmo
C0602756,Jordan Olsson,R002,interview,2026-02-16 15:00:00,2026-02-20 20:00:00,2026-05-11,2026-02-23,"AWS, Docker, GCP, Node, PostgreSQL, Tableau",Malmo
C0602756,Sam Berg,R002,offer,2026-02-20 20:00:00,2026-02-24 02:00:00,2026-05-11,2026-02-23,"Docker, Excel, GCP, Looker, Node, Pandas, Spark, dbt",Remote
C0602756,Skyler Karlsson,R002,hired,2026-02-24 02:00:00,,2026-05-11,2026-02-23,"Airflow, PostgreSQL, Tableau, dbt",Uppsala
C5436095,Robin Svensson,R004,sourced,2026-01-14 13:00:00,2026-01-17 20:00:00,2026-04-26,2026-01-19,"Airflow, Kubernetes, Node, Snowflake, Tableau",Stockholm
C5436095,Riley Eriksson,R004,screened,2026-01-17 20:00:00,2026-01-25 02:00:00,2026-04-26,2026-01-19,"Docker, Kubernetes, Looker, Node, PostgreSQL, SQL, Snowflake",Gothenburg
C5436095,Casey Olsson,R004,rejected,2026-01-25 02:00:00,,2026-04-26,2026-01-19,"Excel, GCP, Kubernetes, Pandas, Python, SQL, Snowflake",Malmo
C2577188,Taylor Larsson,R006,sourced,2026-03-06 13:00:00,2026-03-06 19:00:00,2026-04-21,2026-04-01,"Azure, Kubernetes, Node, Power BI",Gothenburg
C2577188,Riley Eriksson,R006,rejected,2026-03-06 19:00:00,,2026-04-21,2026-04-01,"Excel, Looker, Node, Pandas, SQL, Tableau",Uppsala
C5037728,Alex Eriksson,R005,sourced,2026-04-03 13:00:00,2026-04-03 13:00:00,2026-05-18,2026-04-18,"Airflow, Azure, Kubernetes, Pandas, React, Spark",Stockholm
C5037728,Casey Andersson,R005,screened,2026-04-03 13:00:00,2026-04-07 18:00:00,2026-05-18,2026-04-18,"Airflow, Docker, FastAPI, Pandas, React, SQL, Tableau",Gothenburg
C5037728,Avery Larsson,R005,rejected,2026-04-07 18:00:00,,2026-05-18,2026-04-18,"Airflow, Python, React, Snowflake",Remote
C6014042,Sam Eriksson,R001,sourced,2026-01-06 16:00:00,2026-01-08 23:00:00,2026-05-03,2026-02-03,"AWS, Airflow, Excel, PostgreSQL, Power BI, SQL, Spark, Tableau",Stockholm
C6014042,Avery Johansson,R001,screened,2026-01-08 23:00:00,2026-01-12 03:00:00,2026-05-03,2026-02-03,"Airflow, Excel, FastAPI, Looker, Python, SQL",Gothenburg
C6014042,Alex Berg,R001,interview,2026-01-12 03:00:00,2026-01-17 07:00:00,2026-05-03,2026-02-03,"Airflow, Kubernetes, Looker, PostgreSQL, Python, React, SQL, Tableau",Stockholm
C6014042,Drew Persson,R001,rejected,2026-01-17 07:00:00,,2026-05-03,2026-02-03,"Airflow, Excel, Looker, Node, Python, React, Snowflake, dbt",Gothenburg
C6771722,Riley Lind,R005,sourced,2026-02-15 10:00:00,2026-02-16 13:00:00,2026-06-12,2026-02-24,"Airflow, Azure, Docker, Kubernetes, Pandas, SQL, Tableau",Uppsala
C6771722,Taylor Johansson,R005,screened,2026-02-16 13:00:00,2026-02-20 15:00:00,2026-06-12,2026-02-24,"AWS, Kubernetes, Looker, Pandas, SQL, Snowflake, Tableau, dbt",Gothenburg
C6771722,Taylor Lind,R005,rejected,2026-02-20 15:00:00,,2026-06-12,2026-02-24,"AWS, Azure, Docker, GCP, Node, Python, React, Spark",Uppsala
C2673602,Morgan Gustafsson,R003,sourced,2026-04-04 13:00:00,2026-04-08 15:00:00,2026-07-17,2026-04-10,"Airflow, GCP, Kubernetes, Looker, Pandas, PostgreSQL, Spark, dbt",Malmo
C2673602,Alex Gustafsson,R003,rejected,2026-04-08 15:00:00,,2026-07-17,2026-04-10,"AWS, Excel, FastAPI, Node, Power BI, Spark, Tableau",Stockholm
C4078571,Jordan Gustafsson,R006,sourced,2026-02-12 11:00:00,2026-02-17 16:00:00,2026-05-14,2026-02-22,"Docker, Node, Snowflake, Spark",Uppsala
C4078571,Jamie Svensson,R006,screened,2026-02-17 16:00:00,2026-02-17 22:00:00,2026-05-14,2026-02-22,"Airflow, Docker, Excel, GCP, Node, Python, Spark, dbt",Stockholm
C4078571,Drew Andersson,R006,rejected,2026-02-17 22:00:00,,2026-05-14,2026-02-22,"Azure, Docker, Kubernetes, Power BI, Spark",Gothenburg
C5171683,Quinn Nilsson,R003,sourced,2026-02-18 09:00:00,2026-02-19 13:00:00,2026-04-02,2026-02-21,"AWS, GCP, Looker, Node, Tableau",Remote
C5171683,Casey Karlsson,R003,rejected,2026-02-19 13:00:00,,2026-04-02,2026-02-21,"Pandas, PostgreSQL, Tableau, dbt",Gothenburg
C6354265,Casey Larsson,R002,sourced,2025-12-30 12:00:00,2026-01-02 15:00:00,2026-02-14,2026-01-22,"Azure, Kubernetes, Looker, Node, Power BI, Python, Snowflake, dbt",Uppsala
C6354265,Alex Nilsson,R002,rejected,2026-01-02 15:00:00,,2026-02-14,2026-01-22,"AWS, Node, Pandas, Power BI, SQL, Spark, dbt",Remote
C6588096,Morgan Svensson,R002,sourced,2026-02-14 14:00:00,2026-02-17 18:00:00,2026-06-05,2026-02-22,"Azure, Kubernetes, PostgreSQL, Python, SQL, Tableau, dbt",Stockholm
C6588096,Avery Olsson,R002,screened,2026-02-17 18:00:00,2026-02-24 19:00:00,2026-06-05,2026-02-22,"AWS, Airflow, Azure, Kubernetes, React, Snowflake, Spark",Gothenburg
C6588096,Jamie Olsson,R002,interview,2026-02-24 19:00:00,2026-03-08 19:00:00,2026-06-05,2026-02-22,"AWS, Kubernetes, Node, Pandas, SQL",Malmo
C6588096,Jamie Johansson,R002,offer,2026-03-08 19:00:00,2026-03-16 02:00:00,2026-06-05,2026-02-22,"Airflow, Azure, Docker, FastAPI, Node, PostgreSQL, Snowflake, Spark",Gothenburg
C6588096,Cameron Karlsson,R002,hired,2026-03-16 02:00:00,,2026-06-05,2026-02-22,"Airflow, Node, Pandas, Python, React, dbt",Malmo
C2075109,Quinn Larsson,R003,sourced,2026-02-28 11:00:00,2026-03-01 18:00:00,2026-05-14,2026-03-10,"Node, React, SQL, Spark, Tableau",Remote
C2075109,Riley Olsson,R003,screened,2026-03-01 18:00:00,2026-03-07 22:00:00,2026-05-14,2026-03-10,"Excel, Kubernetes, Pandas, Python, React, SQL, dbt",Malmo
C2075109,Casey Gustafsson,R003,rejected,2026-03-07 22:00:00,,2026-05-14,2026-03-10,"Excel, Kubernetes, Node, Pandas, dbt",Stockholm
C2187156,Drew Larsson,R006,sourced,2026-02-28 16:00:00,2026-03-03 17:00:00,2026-05-15,2026-03-20,"Azure, Docker, Kubernetes, Node, PostgreSQL, Python",Stockholm
C2187156,Cameron Gustafsson,R006,screened,2026-03-03 17:00:00,2026-03-06 17:00:00,2026-05-15,2026-03-20,"Airflow, Docker, Excel, PostgreSQL, Power BI, Python, dbt",Stockholm
C2187156,Robin Svensson,R006,rejected,2026-03-06 17:00:00,,2026-05-15,2026-03-20,"Looker, Node, React, SQL",Gothenburg
C2070439,Jordan Svensson,R002,sourced,2026-02-16 15:00:00,2026-02-19 17:00:00,2026-05-14,2026-03-04,"GCP, Kubernetes, Looker, Tableau",Uppsala
C2070439,Jamie Persson,R002,rejected,2026-02-19 17:00:00,,2026-05-14,2026-03-04,"AWS, Docker, Kubernetes, Snowflake, Tableau",Remote
C0169154,Robin Svensson,R002,sourced,2026-01-11 14:00:00,2026-01-13 14:00:00,2026-04-26,2026-01-18,"Excel, Kubernetes, Power BI, Python, SQL",Stockholm
C0169154,Robin Eriksson,R002,screened,2026-01-13 14:00:00,2026-01-19 21:00:00,2026-04-26,2026-01-18,"Excel, FastAPI, Pandas, SQL, Tableau",Gothenburg
C0169154,Taylor Gustafsson,R002,interview,2026-01-19 21:00:00,2026-01-31 00:00:00,2026-04-26,2026-01-18,"AWS, Airflow, Excel, FastAPI, Pandas, Power BI, Python",Remote
C0169154,Skyler Lind,R002,offer,2026-01-31 00:00:00,2026-02-02 03:00:00,2026-04-26,2026-01-18,"Docker, Node, Python, React, SQL",Stockholm
C0169154,Morgan Svensson,R002,hired,2026-02-02 03:00:00,,2026-04-26,2026-01-18,"GCP, PostgreSQL, Python, Snowflake",Remote
C3636920,Jamie Svensson,R004,sourced,2026-01-30 09:00:00,2026-02-02 10:00:00,2026-02-26,2026-02-22,"Excel, Power BI, React, Tableau",Malmo
C3636920,Skyler Andersson,R004,screened,2026-02-02 10:00:00,2026-02-06 17:00:00,2026-02-26,2026-02-22,"Azure, Docker, FastAPI, Node, PostgreSQL, Power BI, Tableau",Remote
C3636920,Taylor Nilsson,R004,interview,2026-02-06 17:00:00,2026-02-12 23:00:00,2026-02-26,2026-02-22,"Kubernetes, PostgreSQL, React, SQL",Gothenburg
C3636920,Morgan Johansson,R004,offer,2026-02-12 23:00:00,2026-02-17 00:00:00,2026-02-26,2026-02-22,"Kubernetes, Looker, Pandas, Power BI, Python",Stockholm
C3636920,Taylor Svensson,R004,hired,2026-02-17 00:00:00,,2026-02-26,2026-02-22,"GCP, Pandas, Python, React, Tableau",Uppsala
C1264174,Quinn Eriksson,R006,sourced,2026-02-04 14:00:00,2026-02-05 15:00:00,2026-06-03,2026-02-20,"Azure, Excel, Kubernetes, Looker, Pandas, PostgreSQL",Stockholm
C1264174,Jordan Lind,R006,screened,2026-02-05 15:00:00,2026-02-07 15:00:00,2026-06-03,2026-02-20,"Node, PostgreSQL, React, Spark, dbt",Stockholm
C1264174,Alex Gustafsson,R006,rejected,2026-02-07 15:00:00,,2026-06-03,2026-02-20,"AWS, Docker, Kubernetes, Looker, Pandas, PostgreSQL, SQL",Uppsala
C3241679,Robin Johansson,R005,sourced,2026-02-24 13:00:00,2026-03-03 15:00:00,2026-04-25,2026-03-17,"AWS, Azure, Excel, FastAPI, Kubernetes, React, SQL",Remote
C3241679,Morgan Persson,R005,rejected,2026-03-03 15:00:00,,2026-04-25,2026-03-17,"Airflow, Power BI, React, Spark",Remote
C8338433,Taylor Andersson,R002,sourced,2026-01-20 13:00:00,2026-01-23 15:00:00,2026-01-24,2026-02-03,"AWS, Airflow, Excel, Node, Pandas, Python, SQL, dbt",Gothenburg
C8338433,Cameron Svensson,R002,screened,2026-01-23 15:00:00,2026-01-23 15:00:00,2026-01-24,2026-02-03,"Excel, Pandas, Python, React, SQL, Tableau",Uppsala
C8338433,Robin Karlsson,R002,interview,2026-01-23 15:00:00,2026-02-02 19:00:00,2026-01-24,2026-02-03,"Docker, FastAPI, GCP, Kubernetes, Python, SQL, dbt",Remote
C8338433,Morgan Johansson,R002,rejected,2026-02-02 19:00:00,,2026-01-24,2026-02-03,"Kubernetes, Node, Pandas, PostgreSQL, React",Uppsala
C5306647,Quinn Nilsson,R002,sourced,2026-02-07 13:00:00,2026-02-13 13:00:00,2026-02-12,2026-03-05,"Excel, Looker, Power BI, React, Snowflake, Tableau",Uppsala
C5306647,Avery Gustafsson,R002,screened,2026-02-13 13:00:00,2026-02-19 16:00:00,2026-02-12,2026-03-05,"AWS, FastAPI, Kubernetes, Node, Power BI, Python, SQL",Malmo
C5306647,Casey Nilsson,R002,interview,2026-02-19 16:00:00,2026-02-20 16:00:00,2026-02-12,2026-03-05,"GCP, Power BI, Snowflake, Tableau",Uppsala
C5306647,Casey Lind,R002,offer,2026-02-20 16:00:00,2026-02-21 21:00:00,2026-02-12,2026-03-05,"Airflow, Docker, GCP, Looker, PostgreSQL, React",Malmo
C5306647,Cameron Eriksson,R002,hired,2026-02-21 21:00:00,,2026-02-12,2026-03-05,"AWS, Azure, Docker, FastAPI, Pandas, Power BI, Spark, Tableau",Stockholm
C2889021,Avery Svensson,R005,sourced,2026-02-15 09:00:00,2026-02-16 11:00:00,2026-04-08,2026-02-17,"Excel, FastAPI, GCP, PostgreSQL, Python, React, dbt",Remote
C2889021,Jordan Larsson,R005,rejected,2026-02-16 11:00:00,,2026-04-08,2026-02-17,"Docker, Node, PostgreSQL, Snowflake",Remote
C8312685,Robin Gustafsson,R006,sourced,2026-02-02 16:00:00,2026-02-02 20:00:00,2026-05-07,2026-02-14,"AWS, Kubernetes, SQL, Snowflake, dbt",Uppsala
C8312685,Drew Gustafsson,R006,screened,2026-02-02 20:00:00,2026-02-03 03:00:00,2026-05-07,2026-02-14,"AWS, GCP, Kubernetes, Looker, PostgreSQL, Snowflake, Spark, Tableau",Malmo
C8312685,Jordan Johansson,R006,interview,2026-02-03 03:00:00,2026-02-11 07:00:00,2026-05-07,2026-02-14,"Excel, Pandas, React, Spark",Stockholm
C8312685,Jamie Olsson,R006,rejected,2026-02-11 07:00:00,,2026-05-07,2026-02-14,"AWS, Airflow, Docker, GCP, Kubernetes, Pandas, Python, SQL",Remote
C1798533,Riley Andersson,R003,sourced,2026-03-23 12:00:00,2026-03-25 13:00:00,2026-04-04,2026-04-12,"AWS, Airflow, Docker, FastAPI, GCP, Pandas, SQL, Snowflake",Remote
C1798533,Sam Johansson,R003,screened,2026-03-25 13:00:00,2026-03-25 19:00:00,2026-04-04,2026-04-12,"AWS, Airflow, FastAPI, GCP, Python, React, SQL, Snowflake",Stockholm
C1798533,Avery Karlsson,R003,interview,2026-03-25 19:00:00,2026-04-05 21:00:00,2026-04-04,2026-04-12,"Airflow, React, Snowflake, Spark, dbt",Uppsala
C1798533,Avery Andersson,R003,rejected,2026-04-05 21:00:00,,2026-04-04,2026-04-12,"GCP, Node, Power BI, React, SQL, Snowflake",Malmo
C4574199,Morgan Eriksson,R003,sourced,2026-03-18 14:00:00,2026-03-22 15:00:00,2026-07-08,2026-04-01,"Airflow, Azure, Docker, GCP, PostgreSQL, Snowflake",Uppsala
C4574199,Skyler Berg,R003,screened,2026-03-22 15:00:00,2026-03-29 15:00:00,2026-07-08,2026-04-01,"Azure, Node, PostgreSQL, Power BI, Snowflake, Tableau",Remote
C4574199,Jordan Karlsson,R003,rejected,2026-03-29 15:00:00,,2026-07-08,2026-04-01,"FastAPI, GCP, PostgreSQL, React, SQL, dbt",Uppsala
C3430004,Casey Lind,R006,sourced,2026-02-22 12:00:00,2026-02-23 17:00:00,2026-06-16,2026-02-28,"Azure, Docker, Excel, PostgreSQL, Power BI, Python, SQL, Spark",Malmo
C3430004,Casey Lind,R006,screened,2026-02-23 17:00:00,2026-03-01 21:00:00,2026-06-16,2026-02-28,"Airflow, GCP, Kubernetes, Looker, SQL, Spark, dbt",Remote
C3430004,Jordan Eriksson,R006,rejected,2026-03-01 21:00:00,,2026-06-16,2026-02-28,"Docker, Pandas, PostgreSQL, SQL, Tableau",Stockholm
C4158205,Casey Eriksson,R006,sourced,2026-02-15 15:00:00,2026-02-17 18:00:00,2026-05-28,2026-03-15,"AWS, Azure, Excel, Kubernetes, Pandas, Tableau, dbt",Remote
C4158205,Casey Lind,R006,screened,2026-02-17 18:00:00,2026-02-23 20:00:00,2026-05-28,2026-03-15,"AWS, Docker, Looker, SQL",Gothenburg
C4158205,Drew Eriksson,R006,interview,2026-02-23 20:00:00,2026-03-06 02:00:00,2026-05-28,2026-03-15,"Docker, Kubernetes, Looker, Pandas, SQL",Gothenburg
C4158205,Alex Olsson,R006,rejected,2026-03-06 02:00:00,,2026-05-28,2026-03-15,"Airflow, Kubernetes, Looker, Power BI, React, Snowflake, Spark, Tableau",Remote
C2345837,Skyler Nilsson,R001,sourced,2026-02-21 14:00:00,2026-02-23 16:00:00,2026-03-23,2026-03-13,"GCP, Node, Pandas, Python, Spark",Remote
C2345837,Quinn Larsson,R001,screened,2026-02-23 16:00:00,2026-02-26 18:00:00,2026-03-23,2026-03-13,"AWS, FastAPI, Pandas, PostgreSQL, Power BI, Spark, dbt",Malmo
C2345837,Taylor Gustafsson,R001,interview,2026-02-26 18:00:00,2026-03-07 20:00:00,2026-03-23,2026-03-13,"Airflow, Excel, FastAPI, GCP, Looker, Power BI, Snowflake, Spark",Stockholm
C2345837,Robin Olsson,R001,rejected,2026-03-07 20:00:00,,2026-03-23,2026-03-13,"AWS, Excel, FastAPI, Looker, Pandas, Spark",Stockholm
C0302916,Cameron Persson,R001,sourced,2026-02-14 16:00:00,2026-02-16 19:00:00,2026-03-28,2026-03-06,"Excel, Node, React, SQL, Snowflake, Spark, Tableau",Uppsala
C0302916,Jamie Lind,R001,screened,2026-02-16 19:00:00,2026-02-21 23:00:00,2026-03-28,2026-03-06,"AWS, Azure, Pandas, SQL, dbt",Uppsala
C0302916,Sam Lind,R001,rejected,2026-02-21 23:00:00,,2026-03-28,2026-03-06,"AWS, Airflow, Docker, FastAPI, GCP, Looker, Tableau",Gothenburg
C8511946,Robin Persson,R005,sourced,2026-02-28 09:00:00,2026-02-28 11:00:00,2026-04-18,2026-03-20,"AWS, Airflow, Looker, React, Spark",Stockholm
C8511946,Jamie Gustafsson,R005,screened,2026-02-28 11:00:00,2026-03-03 11:00:00,2026-04-18,2026-03-20,"Airflow, Azure, GCP, Spark",Stockholm
C8511946,Cameron Larsson,R005,interview,2026-03-03 11:00:00,2026-03-10 16:00:00,2026-04-18,2026-03-20,"AWS, Excel, FastAPI, GCP, Looker, Node, SQL, Tableau",Stockholm
C8511946,Quinn Johansson,R005,offer,2026-03-10 16:00:00,2026-03-19 21:00:00,2026-04-18,2026-03-20,"Azure, GCP, Looker, PostgreSQL, Python, React, SQL, Snowflake",Gothenburg
C8511946,Riley Eriksson,R005,rejected,2026-03-19 21:00:00,,2026-04-18,2026-03-20,"Looker, Node, Pandas, PostgreSQL, SQL, Spark, Tableau",Uppsala
C0709591,Taylor Karlsson,R003,sourced,2026-02-26 12:00:00,2026-03-02 14:00:00,2026-03-01,2026-03-01,"Airflow, Kubernetes, Power BI, React, Snowflake, Tableau, dbt",Uppsala
C0709591,Skyler Gustafsson,R003,rejected,2026-03-02 14:00:00,,2026-03-01,2026-03-01,"AWS, Excel, Kubernetes, PostgreSQL",Remote
C1079833,Cameron Olsson,R004,sourced,2026-01-21 14:00:00,2026-01-21 21:00:00,2026-04-05,2026-02-13,"Azure, Docker, React, SQL, Spark",Remote
C1079833,Jamie Gustafsson,R004,screened,2026-01-21 21:00:00,2026-01-27 02:00:00,2026-04-05,2026-02-13,"FastAPI, Looker, Node, React, Spark, dbt",Malmo
C1079833,Robin Persson,R004,rejected,2026-01-27 02:00:00,,2026-04-05,2026-02-13,"AWS, Azure, Kubernetes, Pandas, dbt",Stockholm
C8012174,Casey Persson,R002,sourced,2026-01-08 09:00:00,2026-01-08 15:00:00,2026-02-02,2026-01-28,"Kubernetes, SQL, Tableau, dbt",Gothenburg
C8012174,Taylor Karlsson,R002,screened,2026-01-08 15:00:00,2026-01-09 16:00:00,2026-02-02,2026-01-28,"Docker, PostgreSQL, Power BI, React",Gothenburg
C8012174,Jamie Gustafsson,R002,rejected,2026-01-09 16:00:00,,2026-02-02,2026-01-28,"AWS, Azure, Excel, React, Snowflake, Tableau",Gothenburg
C9666280,Cameron Andersson,R005,sourced,2026-02-12 13:00:00,2026-02-15 18:00:00,2026-05-23,2026-03-08,"Pandas, PostgreSQL, React, Spark, Tableau",Remote
C9666280,Drew Lind,R005,screened,2026-02-15 18:00:00,2026-02-19 22:00:00,2026-05-23,2026-03-08,"Airflow, Docker, Kubernetes, Looker, Power BI, Python, SQL, dbt",Stockholm
C9666280,Jordan Svensson,R005,interview,2026-02-19 22:00:00,2026-02-25 05:00:00,2026-05-23,2026-03-08,"AWS, FastAPI, GCP, Node, React, dbt",Remote
C9666280,Morgan Persson,R005,offer,2026-02-25 05:00:00,2026-02-26 09:00:00,2026-05-23,2026-03-08,"Docker, FastAPI, Kubernetes, Looker, PostgreSQL, Power BI, Spark",Stockholm
C9666280,Drew Eriksson,R005,rejected,2026-02-26 09:00:00,,2026-05-23,2026-03-08,"Airflow, Azure, Looker, Node, Python",Malmo
C4126995,Quinn Persson,R002,sourced,2025-12-29 16:00:00,2025-12-30 19:00:00,2026-04-22,2026-01-06,"Excel, FastAPI, Kubernetes, Node, Power BI, dbt",Stockholm
C4126995,Sam Nilsson,R002,screened,2025-12-30 19:00:00,2026-01-09 00:00:00,2026-04-22,2026-01-06,"Azure, Node, SQL, Snowflake, Tableau",Uppsala
C4126995,Cameron Lind,R002,rejected,2026-01-09 00:00:00,,2026-04-22,2026-01-06,"Azure, Excel, Looker, Node, PostgreSQL, Snowflake, Tableau",Malmo
C8739850,Drew Johansson,R001,sourced,2026-02-02 14:00:00,2026-02-04 18:00:00,2026-03-17,2026-02-06,"GCP, Python, Spark, Tableau",Remote
C8739850,Jordan Persson,R001,screened,2026-02-04 18:00:00,2026-02-10 22:00:00,2026-03-17,2026-02-06,"FastAPI, Kubernetes, Looker, Node, Pandas, Power BI, React, dbt",Uppsala
C8739850,Drew Lind,R001,interview,2026-02-10 22:00:00,2026-02-21 01:00:00,2026-03-17,2026-02-06,"Docker, Kubernetes, Looker, Node, Pandas, React, SQL, Snowflake",Malmo
C8739850,Taylor Eriksson,R001,rejected,2026-02-21 01:00:00,,2026-03-17,2026-02-06,"Azure, Excel, GCP, Kubernetes, Node, Power BI, React",Malmo
C8129041,Casey Svensson,R005,sourced,2026-03-10 16:00:00,2026-03-14 19:00:00,2026-04-06,2026-03-21,"GCP, Looker, Pandas, PostgreSQL, Power BI, SQL, Snowflake",Uppsala
C8129041,Drew Eriksson,R005,rejected,2026-03-14 19:00:00,,2026-04-06,2026-03-21,"Azure, Excel, Kubernetes, React, Snowflake, Spark",Stockholm
C1370128,Jamie Andersson,R006,sourced,2026-03-20 12:00:00,2026-03-24 18:00:00,2026-03-25,2026-03-20,"AWS, Excel, FastAPI, Kubernetes, Node, React, SQL",Remote
C1370128,Taylor Johansson,R006,screened,2026-03-24 18:00:00,2026-03-24 19:00:00,2026-03-25,2026-03-20,"Airflow, Azure, GCP, Kubernetes, Snowflake, Spark, Tableau",Uppsala
C1370128,Riley Nilsson,R006,interview,2026-03-24 19:00:00,2026-03-31 02:00:00,2026-03-25,2026-03-20,"AWS, Airflow, FastAPI, Looker, Power BI, Tableau, dbt",Gothenburg
C1370128,Robin Andersson,R006,rejected,2026-03-31 02:00:00,,2026-03-25,2026-03-20,"FastAPI, Looker, Node, Pandas, SQL, Snowflake, Tableau, dbt",Gothenburg
C1882043,Taylor Nilsson,R004,sourced,2026-02-01 09:00:00,2026-02-06 15:00:00,2026-02-06,2026-02-14,"Azure, GCP, Looker, Node, Snowflake, Spark, Tableau",Malmo
C1882043,Drew Berg,R004,screened,2026-02-06 15:00:00,2026-02-12 20:00:00,2026-02-06,2026-02-14,"AWS, Kubernetes, Looker, Power BI, React, dbt",Stockholm
C1882043,Taylor Nilsson,R004,interview,2026-02-12 20:00:00,2026-02-18 21:00:00,2026-02-06,2026-02-14,"Airflow, GCP, Looker, Node, Power BI, Snowflake, Tableau",Remote
C1882043,Alex Eriksson,R004,offer,2026-02-18 21:00:00,2026-02-26 04:00:00,2026-02-06,2026-02-14,"Excel, Node, React, Snowflake, dbt",Remote
C1882043,Robin Olsson,R004,hired,2026-02-26 04:00:00,,2026-02-06,2026-02-14,"FastAPI, PostgreSQL, Python, Spark",Uppsala
C5238297,Casey Berg,R005,sourced,2026-03-29 13:00:00,2026-04-06 16:00:00,2026-04-24,2026-03-30,"Airflow, Kubernetes, Pandas, PostgreSQL, Power BI, SQL, Spark",Malmo
C5238297,Jordan Karlsson,R005,screened,2026-04-06 16:00:00,2026-04-14 20:00:00,2026-04-24,2026-03-30,"Airflow, Looker, Node, Power BI, SQL, dbt",Uppsala
C5238297,Taylor Andersson,R005,rejected,2026-04-14 20:00:00,,2026-04-24,2026-03-30,"AWS, FastAPI, Node, Pandas, dbt",Stockholm
C7419768,Jamie Larsson,R005,sourced,2026-03-14 10:00:00,2026-03-14 10:00:00,2026-04-11,2026-03-16,"AWS, Node, React, Snowflake",Remote
C7419768,Drew Nilsson,R005,rejected,2026-03-14 10:00:00,,2026-04-11,2026-03-16,"Airflow, GCP, Node, Power BI, Python",Uppsala
C0946125,Drew Gustafsson,R005,sourced,2026-02-20 13:00:00,2026-02-26 17:00:00,2026-06-10,2026-03-01,"AWS, Azure, FastAPI, Kubernetes, Pandas, PostgreSQL, Snowflake, Tableau",Gothenburg
C0946125,Drew Olsson,R005,rejected,2026-02-26 17:00:00,,2026-06-10,2026-03-01,"AWS, Azure, Excel, FastAPI, Looker, Node, Python, Tableau",Uppsala
C6806725,Skyler Larsson,R004,sourced,2026-02-13 13:00:00,2026-02-14 19:00:00,2026-03-14,2026-03-04,"Azure, FastAPI, GCP, Looker, Node, PostgreSQL, Power BI, React",Uppsala
C6806725,Avery Lind,R004,screened,2026-02-14 19:00:00,2026-02-26 00:00:00,2026-03-14,2026-03-04,"Docker, GCP, Node, Pandas, PostgreSQL, Tableau, dbt",Gothenburg
C6806725,Cameron Eriksson,R004,interview,2026-02-26 00:00:00,2026-03-03 03:00:00,2026-03-14,2026-03-04,"Airflow, Docker, Excel, GCP, Pandas, Python",Gothenburg
C6806725,Sam Lind,R004,offer,2026-03-03 03:00:00,2026-03-12 08:00:00,2026-03-14,2026-03-04,"Excel, Node, Pandas, PostgreSQL, Snowflake",Gothenburg
C6806725,Skyler Olsson,R004,rejected,2026-03-12 08:00:00,,2026-03-14,2026-03-04,"Airflow, Docker, Looker, Pandas, PostgreSQL, SQL, Tableau",Gothenburg
C2547781,Jordan Nilsson,R001,sourced,2026-01-25 14:00:00,2026-01-27 16:00:00,2026-03-16,2026-02-14,"Airflow, Looker, Power BI, SQL, Snowflake",Remote
C2547781,Avery Larsson,R001,screened,2026-01-27 16:00:00,2026-01-28 23:00:00,2026-03-16,2026-02-14,"Docker, Kubernetes, SQL, Snowflake, Spark, Tableau, dbt",Uppsala
C2547781,Robin Nilsson,R001,rejected,2026-01-28 23:00:00,,2026-03-16,2026-02-14,"Docker, FastAPI, Kubernetes, Looker, SQL",Malmo
C0690751,Jamie Larsson,R005,sourced,2026-02-20 11:00:00,2026-02-24 17:00:00,2026-05-13,2026-02-28,"AWS, Airflow, Azure, Pandas, PostgreSQL",Malmo
C0690751,Avery Berg,R005,screened,2026-02-24 17:00:00,2026-02-28 22:00:00,2026-05-13,2026-02-28,"Power BI, Python, SQL, Snowflake",Uppsala
C0690751,Robin Gustafsson,R005,interview,2026-02-28 22:00:00,2026-03-08 05:00:00,2026-05-13,2026-02-28,"AWS, Docker, Excel, FastAPI, GCP, React, Snowflake",Gothenburg
C0690751,Avery Johansson,R005,rejected,2026-03-08 05:00:00,,2026-05-13,2026-02-28,"Azure, Kubernetes, Looker, Spark",Remote
C8981375,Robin Karlsson,R003,sourced,2026-03-01 11:00:00,2026-03-03 14:00:00,2026-03-15,2026-03-10,"GCP, Looker, Node, Pandas, PostgreSQL, Power BI",Remote
C8981375,Jamie Karlsson,R003,screened,2026-03-03 14:00:00,2026-03-08 16:00:00,2026-03-15,2026-03-10,"Airflow, Kubernetes, Power BI, React",Gothenburg
C8981375,Avery Andersson,R003,interview,2026-03-08 16:00:00,2026-03-25 23:00:00,2026-03-15,2026-03-10,"Azure, Excel, Pandas, Python, Spark, dbt",Gothenburg
C8981375,Avery Persson,R003,rejected,2026-03-25 23:00:00,,2026-03-15,2026-03-10,"Azure, Docker, Pandas, SQL",Gothenburg
C8745616,Drew Johansson,R003,sourced,2026-03-15 13:00:00,2026-03-17 20:00:00,2026-06-23,2026-04-04,"FastAPI, Kubernetes, Node, Pandas, React",Stockholm
C8745616,Alex Berg,R003,rejected,2026-03-17 20:00:00,,2026-06-23,2026-04-04,"Airflow, FastAPI, GCP, Node, Python, Snowflake, Tableau",Stockholm
C2208566,Quinn Gustafsson,R005,sourced,2026-04-03 10:00:00,2026-04-07 14:00:00,2026-05-14,2026-04-12,"Azure, Docker, Power BI, React, SQL, Tableau",Remote
C2208566,Taylor Larsson,R005,rejected,2026-04-07 14:00:00,,2026-05-14,2026-04-12,"AWS, Azure, GCP, Kubernetes, Node, PostgreSQL, Tableau",Malmo
C0344987,Jordan Persson,R003,sourced,2026-02-12 10:00:00,2026-02-12 15:00:00,2026-04-05,2026-03-02,"Docker, Excel, Node, Python, Snowflake, Tableau",Uppsala
C0344987,Jordan Olsson,R003,screened,2026-02-12 15:00:00,2026-02-16 19:00:00,2026-04-05,2026-03-02,"Azure, GCP, Kubernetes, Node, Pandas, PostgreSQL, SQL",Uppsala
C0344987,Riley Lind,R003,rejected,2026-02-16 19:00:00,,2026-04-05,2026-03-02,"Azure, FastAPI, SQL, dbt",Remote
C4288470,Avery Nilsson,R005,sourced,2026-02-17 11:00:00,2026-02-22 11:00:00,2026-04-04,2026-02-23,"FastAPI, Pandas, Python, SQL, Spark",Malmo
C4288470,Cameron Gustafsson,R005,rejected,2026-02-22 11:00:00,,2026-04-04,2026-02-23,"Azure, Kubernetes, Node, Pandas, Snowflake",Remote
C7325984,Avery Andersson,R006,sourced,2026-01-25 16:00:00,2026-01-26 18:00:00,2026-05-12,2026-02-12,"Looker, Node, SQL, Spark",Stockholm
C7325984,Jamie Karlsson,R006,screened,2026-01-26 18:00:00,2026-01-29 22:00:00,2026-05-12,2026-02-12,"Docker, Kubernetes, Looker, Spark, Tableau",Uppsala
C7325984,Robin Johansson,R006,interview,2026-01-29 22:00:00,2026-02-11 00:00:00,2026-05-12,2026-02-12,"AWS, Airflow, Docker, GCP, Kubernetes, PostgreSQL",Gothenburg
C7325984,Cameron Berg,R006,rejected,2026-02-11 00:00:00,,2026-05-12,2026-02-12,"AWS, Docker, Node, Python, React, SQL, Tableau, dbt",Stockholm
C8269772,Morgan Andersson,R003,sourced,2026-03-15 14:00:00,2026-03-15 19:00:00,2026-05-05,2026-03-16,"FastAPI, Python, React, Snowflake, Tableau",Uppsala
C8269772,Avery Andersson,R003,screened,2026-03-15 19:00:00,2026-03-19 20:00:00,2026-05-05,2026-03-16,"Airflow, PostgreSQL, Snowflake, Spark, dbt",Stockholm
C8269772,Casey Eriksson,R003,rejected,2026-03-19 20:00:00,,2026-05-05,2026-03-16,"FastAPI, Kubernetes, Looker, Pandas, PostgreSQL, dbt",Remote
C2781368,Jamie Svensson,R001,sourced,2026-02-10 12:00:00,2026-02-17 18:00:00,2026-03-17,2026-03-09,"AWS, Pandas, PostgreSQL, Snowflake, Spark, dbt",Stockholm
C2781368,Quinn Persson,R001,screened,2026-02-17 18:00:00,2026-02-21 23:00:00,2026-03-17,2026-03-09,"AWS, Docker, Kubernetes, Pandas, PostgreSQL, Power BI, Spark, dbt",Gothenburg
C2781368,Jamie Svensson,R001,interview,2026-02-21 23:00:00,2026-03-07 00:00:00,2026-03-17,2026-03-09,"Airflow, Docker, Looker, dbt",Stockholm
C2781368,Robin Larsson,R001,rejected,2026-03-07 00:00:00,,2026-03-17,2026-03-09,"AWS, Excel, GCP, Kubernetes, Tableau",Stockholm
C5038342,Jamie Gustafsson,R004,sourced,2026-01-06 11:00:00,2026-01-08 16:00:00,2026-04-08,2026-02-04,"FastAPI, GCP, PostgreSQL, Power BI, SQL, Tableau, dbt",Remote
C5038342,Sam Olsson,R004,screened,2026-01-08 16:00:00,2026-01-13 22:00:00,2026-04-08,2026-02-04,"Excel, Power BI, React, Tableau",Uppsala
C5038342,Skyler Nilsson,R004,interview,2026-01-13 22:00:00,2026-01-27 22:00:00,2026-04-08,2026-02-04,"Docker, GCP, Kubernetes, Node, PostgreSQL, Power BI, React, dbt",Uppsala
C5038342,Casey Svensson,R004,rejected,2026-01-27 22:00:00,,2026-04-08,2026-02-04,"Airflow, Azure, FastAPI, Node, Pandas, SQL, Snowflake",Malmo
C3530964,Casey Olsson,R004,sourced,2026-01-07 09:00:00,2026-01-11 11:00:00,2026-03-05,2026-01-26,"Airflow, Power BI, SQL, Snowflake, dbt",Remote
C3530964,Jamie Larsson,R004,screened,2026-01-11 11:00:00,2026-01-20 14:00:00,2026-03-05,2026-01-26,"Airflow, Docker, Kubernetes, PostgreSQL, SQL, Snowflake",Malmo
C3530964,Avery Nilsson,R004,interview,2026-01-20 14:00:00,2026-02-07 16:00:00,2026-03-05,2026-01-26,"Azure, Kubernetes, Power BI, SQL",Uppsala
C3530964,Jamie Olsson,R004,offer,2026-02-07 16:00:00,2026-02-12 19:00:00,2026-03-05,2026-01-26,"Looker, PostgreSQL, React, Spark, dbt",Malmo
C3530964,Sam Berg,R004,hired,2026-02-12 19:00:00,,2026-03-05,2026-01-26,"Docker, PostgreSQL, Python, Snowflake, Spark, Tableau",Gothenburg
C1314707,Taylor Gustafsson,R005,sourced,2026-02-21 14:00:00,2026-02-24 16:00:00,2026-05-29,2026-03-16,"Airflow, Excel, Kubernetes, Looker, Power BI, React, Snowflake, dbt",Remote
C1314707,Drew Karlsson,R005,screened,2026-02-24 16:00:00,2026-02-28 18:00:00,2026-05-29,2026-03-16,"Azure, Excel, GCP, Pandas, Python, SQL, Tableau",Malmo
C1314707,Jordan Johansson,R005,interview,2026-02-28 18:00:00,2026-03-08 19:00:00,2026-05-29,2026-03-16,"AWS, Azure, Kubernetes, Power BI, Snowflake, dbt",Stockholm
C1314707,Riley Berg,R005,rejected,2026-03-08 19:00:00,,2026-05-29,2026-03-16,"Airflow, Docker, Excel, GCP, Looker, Pandas, SQL",Malmo
C0315005,Robin Nilsson,R004,sourced,2026-02-25 09:00:00,2026-02-28 14:00:00,2026-04-21,2026-03-21,"AWS, Pandas, PostgreSQL, React, Spark, dbt",Stockholm
C0315005,Morgan Andersson,R004,screened,2026-02-28 14:00:00,2026-03-04 15:00:00,2026-04-21,2026-03-21,"Airflow, GCP, Kubernetes, PostgreSQL, Python, React",Malmo
C0315005,Drew Eriksson,R004,rejected,2026-03-04 15:00:00,,2026-04-21,2026-03-21,"Azure, Docker, FastAPI, Looker, Pandas, SQL, dbt",Uppsala
C6678077,Jamie Olsson,R002,sourced,2026-01-25 13:00:00,2026-02-01 16:00:00,2026-04-21,2026-02-07,"Airflow, Excel, Power BI, React, Tableau",Uppsala
C6678077,Morgan Olsson,R002,rejected,2026-02-01 16:00:00,,2026-04-21,2026-02-07,"Docker, Excel, Node, SQL",Remote
C8374179,Sam Karlsson,R003,sourced,2026-04-06 09:00:00,2026-04-09 09:00:00,2026-06-12,2026-04-24,"Docker, Kubernetes, PostgreSQL, Power BI, Python, Spark",Remote
C8374179,Drew Eriksson,R003,screened,2026-04-09 09:00:00,2026-04-10 11:00:00,2026-06-12,2026-04-24,"Airflow, Azure, Excel, PostgreSQL, Snowflake, dbt",Uppsala
C8374179,Casey Nilsson,R003,rejected,2026-04-10 11:00:00,,2026-06-12,2026-04-24,"AWS, Kubernetes, PostgreSQL, dbt",Uppsala
C8135755,Casey Lind,R003,sourced,2026-03-03 13:00:00,2026-03-05 20:00:00,2026-04-29,2026-03-17,"AWS, Excel, Kubernetes, PostgreSQL, Tableau",Remote
C8135755,Quinn Andersson,R003,screened,2026-03-05 20:00:00,2026-03-12 20:00:00,2026-04-29,2026-03-17,"Node, PostgreSQL, React, Snowflake, Spark",Remote
C8135755,Drew Persson,R003,interview,2026-03-12 20:00:00,2026-03-17 00:00:00,2026-04-29,2026-03-17,"AWS, Azure, FastAPI, Looker, Node, React, Snowflake, Tableau",Remote
C8135755,Jamie Andersson,R003,rejected,2026-03-17 00:00:00,,2026-04-29,2026-03-17,"Azure, Docker, Looker, Node, PostgreSQL, React, SQL",Stockholm
C0655055,Quinn Gustafsson,R002,sourced,2026-02-11 12:00:00,2026-02-12 16:00:00,2026-03-24,2026-02-13,"Excel, Looker, PostgreSQL, SQL, Snowflake, Spark, dbt",Remote
C0655055,Morgan Svensson,R002,screened,2026-02-12 16:00:00,2026-02-22 22:00:00,2026-03-24,2026-02-13,"AWS, Excel, Kubernetes, Looker, Node, Power BI, Tableau",Uppsala
C0655055,Jamie Lind,R002,rejected,2026-02-22 22:00:00,,2026-03-24,2026-02-13,"Airflow, Looker, Node, SQL",Stockholm
C5273984,Sam Gustafsson,R005,sourced,2026-03-13 09:00:00,2026-03-17 12:00:00,2026-03-21,2026-03-28,"AWS, Excel, FastAPI, Node, SQL, Snowflake, Tableau",Gothenburg
C5273984,Sam Persson,R005,screened,2026-03-17 12:00:00,2026-03-24 16:00:00,2026-03-21,2026-03-28,"Airflow, Excel, GCP, React",Gothenburg
C5273984,Taylor Larsson,R005,interview,2026-03-24 16:00:00,2026-04-02 21:00:00,2026-03-21,2026-03-28,"Excel, GCP, Looker, React",Remote
C5273984,Jordan Nilsson,R005,rejected,2026-04-02 21:00:00,,2026-03-21,2026-03-28,"AWS, FastAPI, Python, React, SQL, Snowflake, Tableau",Remote
C5253938,Drew Johansson,R006,sourced,2026-02-03 09:00:00,2026-02-07 16:00:00,2026-02-25,2026-02-15,"GCP, Node, Pandas, PostgreSQL, Tableau",Stockholm
C5253938,Sam Gustafsson,R006,rejected,2026-02-07 16:00:00,,2026-02-25,2026-02-15,"Airflow, Azure, FastAPI, Tableau, dbt",Uppsala
C9275921,Quinn Johansson,R003,sourced,2026-03-30 16:00:00,2026-04-02 19:00:00,2026-06-27,2026-04-13,"Airflow, GCP, Looker, Pandas",Gothenburg
C9275921,Skyler Berg,R003,rejected,2026-04-02 19:00:00,,2026-06-27,2026-04-13,"Airflow, Docker, Looker, Node, PostgreSQL, React, Snowflake, Spark",Gothenburg
C9280543,Riley Lind,R004,sourced,2026-02-22 14:00:00,2026-02-24 14:00:00,2026-03-10,2026-02-26,"AWS, Docker, FastAPI, Node, SQL, Spark",Stockholm
C9280543,Riley Nilsson,R004,screened,2026-02-24 14:00:00,2026-03-01 17:00:00,2026-03-10,2026-02-26,"Azure, Excel, Pandas, React, Spark",Malmo
C9280543,Jordan Johansson,R004,rejected,2026-03-01 17:00:00,,2026-03-10,2026-02-26,"AWS, Docker, Looker, SQL, Spark, Tableau",Stockholm
C3119543,Casey Karlsson,R003,sourced,2026-03-22 16:00:00,2026-03-25 23:00:00,2026-06-22,2026-04-07,"Kubernetes, Looker, Pandas, PostgreSQL, Python, SQL, Snowflake, Tableau",Uppsala
C3119543,Riley Nilsson,R003,rejected,2026-03-25 23:00:00,,2026-06-22,2026-04-07,"AWS, Azure, GCP, Kubernetes, Looker, Node, React, Tableau",Stockholm
C3189181,Sam Persson,R001,sourced,2026-02-13 11:00:00,2026-02-19 13:00:00,2026-02-17,2026-02-25,"FastAPI, Kubernetes, Node, PostgreSQL, Python, Snowflake",Remote
C3189181,Jamie Persson,R001,rejected,2026-02-19 13:00:00,,2026-02-17,2026-02-25,"Docker, Excel, FastAPI, Kubernetes, Node, SQL, Spark",Stockholm
C6080229,Quinn Nilsson,R005,sourced,2026-02-17 15:00:00,2026-02-20 19:00:00,2026-03-15,2026-03-08,"Docker, GCP, PostgreSQL, Spark, Tableau",Uppsala
C6080229,Alex Persson,R005,screened,2026-02-20 19:00:00,2026-02-24 23:00:00,2026-03-15,2026-03-08,"Pandas, React, SQL, Spark",Uppsala
C6080229,Quinn Nilsson,R005,rejected,2026-02-24 23:00:00,,2026-03-15,2026-03-08,"Airflow, GCP, Looker, Python, React, Snowflake, Spark, dbt",Uppsala
C9121737,Jamie Persson,R004,sourced,2026-02-04 09:00:00,2026-02-08 09:00:00,2026-03-12,2026-02-04,"Azure, Docker, PostgreSQL, Python, SQL, dbt",Stockholm
C9121737,Riley Olsson,R004,screened,2026-02-08 09:00:00,2026-02-12 10:00:00,2026-03-12,2026-02-04,"Docker, Excel, FastAPI, Node, PostgreSQL, SQL, Snowflake, dbt",Remote
C9121737,Riley Karlsson,R004,interview,2026-02-12 10:00:00,2026-02-17 14:00:00,2026-03-12,2026-02-04,"Azure, Excel, Pandas, PostgreSQL, dbt",Uppsala
C9121737,Sam Gustafsson,R004,rejected,2026-02-17 14:00:00,,2026-03-12,2026-02-04,"AWS, Docker, Excel, Pandas, PostgreSQL, Power BI, Python",Malmo
C7453818,Alex Nilsson,R006,sourced,2026-02-05 16:00:00,2026-02-07 16:00:00,2026-02-07,2026-02-05,"AWS, Airflow, Azure, Docker, Excel, FastAPI, SQL",Gothenburg
C7453818,Drew Persson,R006,screened,2026-02-07 16:00:00,2026-02-17 16:00:00,2026-02-07,2026-02-05,"AWS, Azure, Power BI, Snowflake, Tableau",Stockholm
C7453818,Morgan Nilsson,R006,rejected,2026-02-17 16:00:00,,2026-02-07,2026-02-05,"Azure, FastAPI, Kubernetes, PostgreSQL, React",Stockholm
C8936903,Skyler Eriksson,R004,sourced,2026-02-11 12:00:00,2026-02-14 13:00:00,2026-05-17,2026-02-25,"Azure, FastAPI, Kubernetes, Node, Pandas, React",Malmo
C8936903,Riley Nilsson,R004,screened,2026-02-14 13:00:00,2026-02-20 15:00:00,2026-05-17,2026-02-25,"AWS, Kubernetes, React, Snowflake, Tableau, dbt",Uppsala
C8936903,Riley Johansson,R004,rejected,2026-02-20 15:00:00,,2026-05-17,2026-02-25,"Azure, GCP, PostgreSQL, Python, SQL, Snowflake, dbt",Stockholm
C9164097,Skyler Persson,R004,sourced,2026-01-14 09:00:00,2026-01-19 09:00:00,2026-04-05,2026-01-30,"AWS, Excel, SQL, Tableau, dbt",Uppsala
C9164097,Sam Nilsson,R004,rejected,2026-01-19 09:00:00,,2026-04-05,2026-01-30,"Excel, GCP, Node, Pandas, SQL, Snowflake",Stockholm
C2403880,Casey Gustafsson,R001,sourced,2026-02-07 16:00:00,2026-02-07 19:00:00,2026-04-17,2026-02-18,"AWS, Excel, Pandas, React, SQL, Tableau, dbt",Stockholm
C2403880,Quinn Eriksson,R001,screened,2026-02-07 19:00:00,2026-02-17 19:00:00,2026-04-17,2026-02-18,"Airflow, GCP, Looker, Pandas, SQL, Snowflake",Uppsala
C2403880,Riley Eriksson,R001,rejected,2026-02-17 19:00:00,,2026-04-17,2026-02-18,"Azure, Excel, Pandas, PostgreSQL, React",Stockholm
C6641295,Taylor Eriksson,R004,sourced,2026-02-05 11:00:00,2026-02-10 13:00:00,2026-04-30,2026-02-19,"Docker, GCP, Kubernetes, PostgreSQL, Power BI",Uppsala
C6641295,Sam Lind,R004,screened,2026-02-10 13:00:00,2026-02-13 15:00:00,2026-04-30,2026-02-19,"AWS, Docker, Kubernetes, Looker, Node, React, Tableau",Malmo
C6641295,Morgan Persson,R004,rejected,2026-02-13 15:00:00,,2026-04-30,2026-02-19,"AWS, Excel, Python, SQL",Uppsala
C9907711,Casey Berg,R001,sourced,2026-02-23 16:00:00,2026-02-28 18:00:00,2026-04-03,2026-02-25,"Airflow, FastAPI, React, Snowflake",Uppsala
C9907711,Skyler Lind,R001,screened,2026-02-28 18:00:00,2026-03-04 00:00:00,2026-04-03,2026-02-25,"Excel, FastAPI, Kubernetes, React, Tableau, dbt",Remote
C9907711,Jamie Gustafsson,R001,interview,2026-03-04 00:00:00,2026-03-11 06:00:00,2026-04-03,2026-02-25,"Airflow, Azure, Kubernetes, Spark",Malmo
C9907711,Skyler Berg,R001,rejected,2026-03-11 06:00:00,,2026-04-03,2026-02-25,"Docker, GCP, Looker, Power BI, Snowflake",Gothenburg
C2203578,Skyler Olsson,R001,sourced,2026-02-12 11:00:00,2026-02-14 12:00:00,2026-05-22,2026-02-17,"AWS, Excel, FastAPI, Looker, Node, React, dbt",Malmo
C2203578,Taylor Eriksson,R001,screened,2026-02-14 12:00:00,2026-02-20 17:00:00,2026-05-22,2026-02-17,"FastAPI, Node, Pandas, Python, Snowflake, Spark, Tableau, dbt",Gothenburg
C2203578,Jordan Nilsson,R001,rejected,2026-02-20 17:00:00,,2026-05-22,2026-02-17,"Airflow, Excel, Kubernetes, Looker, SQL, Snowflake, dbt",Uppsala
C1141168,Alex Karlsson,R005,sourced,2026-02-12 13:00:00,2026-02-13 13:00:00,2026-06-07,2026-02-24,"AWS, Docker, Excel, Power BI",Malmo
C1141168,Skyler Larsson,R005,screened,2026-02-13 13:00:00,2026-02-19 20:00:00,2026-06-07,2026-02-24,"Excel, FastAPI, Node, Python, Tableau, dbt",Gothenburg
C1141168,Morgan Larsson,R005,interview,2026-02-19 20:00:00,2026-03-06 00:00:00,2026-06-07,2026-02-24,"AWS, Airflow, GCP, Kubernetes, Node, Pandas, React, Tableau",Uppsala
C1141168,Jamie Gustafsson,R005,rejected,2026-03-06 00:00:00,,2026-06-07,2026-02-24,"AWS, Node, PostgreSQL, Snowflake, dbt",Malmo
C7124136,Sam Gustafsson,R003,sourced,2026-04-05 12:00:00,2026-04-05 19:00:00,2026-07-03,2026-04-20,"Docker, Pandas, Power BI, SQL, dbt",Malmo
C7124136,Robin Lind,R003,screened,2026-04-05 19:00:00,2026-04-06 23:00:00,2026-07-03,2026-04-20,"Excel, Kubernetes, PostgreSQL, React, SQL, Spark, Tableau",Gothenburg
C7124136,Quinn Eriksson,R003,interview,2026-04-06 23:00:00,2026-04-15 01:00:00,2026-07-03,2026-04-20,"Azure, Docker, FastAPI, GCP, Kubernetes, Pandas, Python, SQL",Malmo
C7124136,Morgan Andersson,R003,offer,2026-04-15 01:00:00,2026-04-15 03:00:00,2026-07-03,2026-04-20,"Docker, Kubernetes, Node, Snowflake",Malmo
C7124136,Riley Andersson,R003,rejected,2026-04-15 03:00:00,,2026-07-03,2026-04-20,"Azure, Docker, Node, PostgreSQL, SQL, Snowflake",Stockholm
C9707289,Skyler Persson,R002,sourced,2025-12-31 09:00:00,2026-01-02 16:00:00,2026-03-24,2026-01-04,"Airflow, Excel, PostgreSQL, Power BI",Uppsala
C9707289,Alex Lind,R002,screened,2026-01-02 16:00:00,2026-01-10 19:00:00,2026-03-24,2026-01-04,"GCP, Kubernetes, Node, React, SQL, Snowflake, Spark, dbt",Stockholm
C9707289,Riley Svensson,R002,interview,2026-01-10 19:00:00,2026-01-19 01:00:00,2026-03-24,2026-01-04,"PostgreSQL, Power BI, React, Tableau",Remote
C9707289,Jamie Johansson,R002,rejected,2026-01-19 01:00:00,,2026-03-24,2026-01-04,"Docker, FastAPI, Kubernetes, Node, Pandas, Power BI, React, SQL",Remote
C7471378,Skyler Olsson,R001,sourced,2026-02-05 14:00:00,2026-02-05 16:00:00,2026-03-18,2026-02-26,"AWS, Docker, FastAPI, Pandas, Snowflake, Spark, dbt",Gothenburg
C7471378,Quinn Andersson,R001,screened,2026-02-05 16:00:00,2026-02-07 19:00:00,2026-03-18,2026-02-26,"Docker, Looker, PostgreSQL, React, Tableau",Uppsala
C7471378,Riley Andersson,R001,rejected,2026-02-07 19:00:00,,2026-03-18,2026-02-26,"FastAPI, GCP, Looker, Snowflake, Tableau",Uppsala
C7159257,Morgan Nilsson,R001,sourced,2026-01-16 13:00:00,2026-01-16 16:00:00,2026-03-23,2026-01-21,"AWS, Airflow, Excel, Pandas, PostgreSQL",Stockholm
C7159257,Jamie Eriksson,R001,screened,2026-01-16 16:00:00,2026-01-16 17:00:00,2026-03-23,2026-01-21,"Airflow, Kubernetes, Node, Spark, Tableau",Gothenburg
C7159257,Robin Lind,R001,rejected,2026-01-16 17:00:00,,2026-03-23,2026-01-21,"Docker, Looker, Power BI, SQL",Gothenburg
C3830121,Alex Nilsson,R006,sourced,2026-02-02 12:00:00,2026-02-06 13:00:00,2026-05-30,2026-02-08,"Azure, Kubernetes, Looker, PostgreSQL, Power BI, Python",Gothenburg
C3830121,Jordan Persson,R006,screened,2026-02-06 13:00:00,2026-02-08 18:00:00,2026-05-30,2026-02-08,"Airflow, Docker, FastAPI, Pandas, React, Snowflake",Malmo
C3830121,Jamie Berg,R006,rejected,2026-02-08 18:00:00,,2026-05-30,2026-02-08,"Docker, Looker, PostgreSQL, React",Remote
C5197963,Taylor Larsson,R006,sourced,2026-02-17 16:00:00,2026-02-17 22:00:00,2026-03-07,2026-03-15,"Airflow, Excel, Kubernetes, Looker, Pandas, PostgreSQL, Snowflake, dbt",Stockholm
C5197963,Robin Berg,R006,screened,2026-02-17 22:00:00,2026-02-23 02:00:00,2026-03-07,2026-03-15,"Docker, Excel, Kubernetes, Python, Spark, Tableau",Stockholm
C5197963,Sam Andersson,R006,interview,2026-02-23 02:00:00,2026-03-01 06:00:00,2026-03-07,2026-03-15,"Airflow, Docker, Excel, Pandas, PostgreSQL, Snowflake, Spark, dbt",Remote
C5197963,Quinn Larsson,R006,offer,2026-03-01 06:00:00,2026-03-05 10:00:00,2026-03-07,2026-03-15,"AWS, Azure, Excel, Node, Python, React, SQL, Spark",Uppsala
C5197963,Drew Persson,R006,hired,2026-03-05 10:00:00,,2026-03-07,2026-03-15,"GCP, PostgreSQL, Python, React, Spark, dbt",Gothenburg
C1989244,Drew Gustafsson,R005,sourced,2026-03-09 09:00:00,2026-03-12 11:00:00,2026-05-19,2026-03-10,"Excel, Node, Power BI, Snowflake, Spark, Tableau",Malmo
C1989244,Taylor Johansson,R005,screened,2026-03-12 11:00:00,2026-03-17 16:00:00,2026-05-19,2026-03-10,"Azure, Docker, Looker, Power BI, Tableau",Uppsala
C1989244,Jordan Andersson,R005,rejected,2026-03-17 16:00:00,,2026-05-19,2026-03-10,"AWS, Docker, Looker, Pandas, React, SQL",Gothenburg
C0066106,Jamie Svensson,R001,sourced,2026-01-22 12:00:00,2026-01-24 13:00:00,2026-02-22,2026-02-12,"Azure, FastAPI, Looker, Python, Spark, Tableau, dbt",Stockholm
C0066106,Cameron Johansson,R001,screened,2026-01-24 13:00:00,2026-02-01 19:00:00,2026-02-22,2026-02-12,"Airflow, Docker, PostgreSQL, Power BI",Stockholm
C0066106,Casey Persson,R001,rejected,2026-02-01 19:00:00,,2026-02-22,2026-02-12,"Airflow, Node, Pandas, Python, Snowflake, Spark, dbt",Remote
C6755157,Jordan Svensson,R002,sourced,2026-01-06 10:00:00,2026-01-08 13:00:00,2026-03-29,2026-02-04,"Docker, GCP, Snowflake, Tableau",Stockholm
C6755157,Robin Berg,R002,screened,2026-01-08 13:00:00,2026-01-10 20:00:00,2026-03-29,2026-02-04,"Airflow, Excel, GCP, Looker, Power BI, SQL, Tableau",Stockholm
C6755157,Sam Larsson,R002,rejected,2026-01-10 20:00:00,,2026-03-29,2026-02-04,"AWS, Excel, FastAPI, Snowflake",Stockholm
C7179203,Alex Berg,R005,sourced,2026-02-23 16:00:00,2026-02-23 21:00:00,2026-04-17,2026-03-14,"Airflow, Kubernetes, Pandas, PostgreSQL, dbt",Uppsala
C7179203,Alex Berg,R005,rejected,2026-02-23 21:00:00,,2026-04-17,2026-03-14,"Excel, FastAPI, GCP, Kubernetes, Power BI, React, Tableau",Malmo
C4540522,Cameron Persson,R004,sourced,2026-01-05 12:00:00,2026-01-07 16:00:00,2026-01-10,2026-01-30,"AWS, Azure, FastAPI, GCP, Pandas, Python, SQL",Remote
C4540522,Cameron Olsson,R004,rejected,2026-01-07 16:00:00,,2026-01-10,2026-01-30,"AWS, Docker, Pandas, Spark, Tableau",Uppsala
C9993988,Quinn Gustafsson,R002,sourced,2026-01-26 11:00:00,2026-01-29 11:00:00,2026-02-22,2026-02-23,"Docker, Excel, GCP, Python, React, Tableau",Stockholm
C9993988,Robin Gustafsson,R002,rejected,2026-01-29 11:00:00,,2026-02-22,2026-02-23,"Airflow, Node, PostgreSQL, SQL, Snowflake",Stockholm
C8784001,Skyler Larsson,R003,sourced,2026-02-14 12:00:00,2026-02-18 19:00:00,2026-02-20,2026-02-19,"Airflow, GCP, Looker, React, Tableau, dbt",Stockholm
C8784001,Taylor Lind,R003,rejected,2026-02-18 19:00:00,,2026-02-20,2026-02-19,"Airflow, Azure, Node, Power BI, Python, SQL, dbt",Malmo
C7465854,Jamie Persson,R004,sourced,2026-01-05 15:00:00,2026-01-09 15:00:00,2026-02-26,2026-01-28,"FastAPI, Looker, Python, Spark",Uppsala
C7465854,Casey Johansson,R004,screened,2026-01-09 15:00:00,2026-01-11 17:00:00,2026-02-26,2026-01-28,"Docker, Kubernetes, Power BI, React, SQL, Spark, Tableau, dbt",Uppsala
C7465854,Drew Eriksson,R004,interview,2026-01-11 17:00:00,2026-01-22 17:00:00,2026-02-26,2026-01-28,"Docker, Pandas, PostgreSQL, SQL",Malmo
C7465854,Taylor Svensson,R004,offer,2026-01-22 17:00:00,2026-01-29 21:00:00,2026-02-26,2026-01-28,"AWS, Excel, GCP, Kubernetes, dbt",Malmo
C7465854,Casey Persson,R004,hired,2026-01-29 21:00:00,,2026-02-26,2026-01-28,"AWS, Azure, Node, Pandas, Power BI, Snowflake, Spark",Stockholm
C8086649,Skyler Persson,R006,sourced,2026-03-07 09:00:00,2026-03-11 09:00:00,2026-05-08,2026-04-01,"Airflow, Pandas, Snowflake, Spark",Stockholm
C8086649,Jamie Larsson,R006,screened,2026-03-11 09:00:00,2026-03-16 16:00:00,2026-05-08,2026-04-01,"AWS, Airflow, Docker, Kubernetes, Node, Python, dbt",Malmo
C8086649,Taylor Larsson,R006,rejected,2026-03-16 16:00:00,,2026-05-08,2026-04-01,"AWS, Excel, Python, Tableau",Stockholm
C8417536,Taylor Olsson,R005,sourced,2026-03-20 10:00:00,2026-03-20 15:00:00,2026-04-03,2026-04-04,"GCP, Looker, Pandas, Power BI, Python, SQL, Spark, Tableau",Gothenburg
C8417536,Morgan Nilsson,R005,screened,2026-03-20 15:00:00,2026-03-27 17:00:00,2026-04-03,2026-04-04,"Airflow, Docker, SQL, dbt",Stockholm
C8417536,Quinn Larsson,R005,interview,2026-03-27 17:00:00,2026-04-11 19:00:00,2026-04-03,2026-04-04,"Azure, FastAPI, Power BI, React, Tableau",Uppsala
C8417536,Jamie Persson,R005,rejected,2026-04-11 19:00:00,,2026-04-03,2026-04-04,"Kubernetes, Node, Pandas, PostgreSQL, Python, Tableau, dbt",Remote
C0530878,Taylor Berg,R005,sourced,2026-04-01 16:00:00,2026-04-04 18:00:00,2026-06-24,2026-04-17,"Excel, FastAPI, Kubernetes, Pandas, PostgreSQL, Power BI, SQL",Remote
C0530878,Alex Berg,R005,screened,2026-04-04 18:00:00,2026-04-11 21:00:00,2026-06-24,2026-04-17,"AWS, Docker, PostgreSQL, React, Snowflake, Tableau",Uppsala
C0530878,Robin Berg,R005,interview,2026-04-11 21:00:00,2026-04-23 04:00:00,2026-06-24,2026-04-17,"Airflow, Looker, Node, PostgreSQL, React, SQL, Snowflake, dbt",Remote
C0530878,Cameron Karlsson,R005,offer,2026-04-23 04:00:00,2026-05-04 04:00:00,2026-06-24,2026-04-17,"Airflow, Azure, Excel, GCP, PostgreSQL, Power BI, Snowflake, Spark",Stockholm
C0530878,Avery Eriksson,R005,rejected,2026-05-04 04:00:00,,2026-06-24,2026-04-17,"AWS, Docker, Node, SQL",Uppsala
C0980983,Drew Nilsson,R002,sourced,2026-02-01 11:00:00,2026-02-01 12:00:00,2026-03-02,2026-02-22,"Excel, FastAPI, Snowflake, Spark, Tableau, dbt",Gothenburg
C0980983,Cameron Larsson,R002,screened,2026-02-01 12:00:00,2026-02-08 16:00:00,2026-03-02,2026-02-22,"Docker, FastAPI, GCP, Looker, Pandas, Power BI, SQL, Snowflake",Stockholm
C0980983,Casey Lind,R002,rejected,2026-02-08 16:00:00,,2026-03-02,2026-02-22,"Docker, FastAPI, GCP, Node, React",Gothenburg
C9023257,Alex Lind,R001,sourced,2026-02-18 13:00:00,2026-02-19 20:00:00,2026-05-03,2026-03-07,"AWS, Excel, FastAPI, Kubernetes, React, Tableau, dbt",Remote
C9023257,Jamie Larsson,R001,rejected,2026-02-19 20:00:00,,2026-05-03,2026-03-07,"AWS, Airflow, Azure, Looker, Tableau, dbt",Remote
C5557000,Cameron Eriksson,R005,sourced,2026-02-17 16:00:00,2026-02-19 22:00:00,2026-05-15,2026-03-08,"AWS, Azure, FastAPI, Pandas",Malmo
C5557000,Alex Karlsson,R005,screened,2026-02-19 22:00:00,2026-02-26 05:00:00,2026-05-15,2026-03-08,"Airflow, React, SQL, Tableau",Uppsala
C5557000,Alex Olsson,R005,rejected,2026-02-26 05:00:00,,2026-05-15,2026-03-08,"AWS, Airflow, Docker, GCP, Pandas, PostgreSQL, Power BI, dbt",Gothenburg
C1590593,Drew Eriksson,R002,sourced,2026-02-09 15:00:00,2026-02-11 20:00:00,2026-04-08,2026-02-18,"AWS, Excel, Tableau, dbt",Uppsala
C1590593,Quinn Larsson,R002,screened,2026-02-11 20:00:00,2026-02-16 20:00:00,2026-04-08,2026-02-18,"GCP, Looker, Node, Pandas, Python, React, SQL, dbt",Gothenburg
C1590593,Sam Berg,R002,rejected,2026-02-16 20:00:00,,2026-04-08,2026-02-18,"Airflow, Docker, Excel, GCP, Looker, Pandas, PostgreSQL, Spark",Remote
C2603935,Skyler Eriksson,R004,sourced,2026-02-25 13:00:00,2026-02-26 18:00:00,2026-05-26,2026-03-25,"AWS, Airflow, Azure, GCP, Snowflake",Malmo
C2603935,Skyler Karlsson,R004,rejected,2026-02-26 18:00:00,,2026-05-26,2026-03-25,"Airflow, GCP, SQL, Spark, dbt",Stockholm
C4072752,Jamie Gustafsson,R001,sourced,2026-01-26 09:00:00,2026-01-30 13:00:00,2026-04-20,2026-02-04,"AWS, Azure, Pandas, Python, SQL",Stockholm
C4072752,Alex Berg,R001,screened,2026-01-30 13:00:00,2026-02-09 20:00:00,2026-04-20,2026-02-04,"AWS, Azure, FastAPI, GCP, Kubernetes, Looker, Node, Tableau",Malmo
C4072752,Drew Johansson,R001,interview,2026-02-09 20:00:00,2026-02-11 20:00:00,2026-04-20,2026-02-04,"Excel, Looker, Power BI, Spark",Malmo
C4072752,Drew Larsson,R001,rejected,2026-02-11 20:00:00,,2026-04-20,2026-02-04,"FastAPI, GCP, Node, Pandas, Snowflake, Tableau",Stockholm
C8967535,Casey Gustafsson,R003,sourced,2026-04-04 09:00:00,2026-04-04 14:00:00,2026-04-28,2026-04-18,"AWS, Airflow, Docker, Looker, Node, Snowflake",Stockholm
C8967535,Casey Eriksson,R003,screened,2026-04-04 14:00:00,2026-04-05 14:00:00,2026-04-28,2026-04-18,"AWS, Airflow, Excel, Kubernetes, Looker, Pandas, PostgreSQL, SQL",Malmo
C8967535,Morgan Nilsson,R003,rejected,2026-04-05 14:00:00,,2026-04-28,2026-04-18,"AWS, Airflow, FastAPI, Kubernetes, Python, React",Stockholm
C1221655,Drew Andersson,R004,sourced,2026-02-20 12:00:00,2026-02-24 18:00:00,2026-03-29,2026-03-03,"AWS, Excel, FastAPI, Kubernetes, Pandas, SQL",Uppsala
C1221655,Casey Berg,R004,screened,2026-02-24 18:00:00,2026-03-02 19:00:00,2026-03-29,2026-03-03,"AWS, GCP, Kubernetes, Node, Pandas, React, Spark",Uppsala
C1221655,Jordan Svensson,R004,rejected,2026-03-02 19:00:00,,2026-03-29,2026-03-03,"Azure, Excel, Looker, Pandas",Remote
C0899132,Skyler Gustafsson,R001,sourced,2026-01-25 16:00:00,2026-01-26 22:00:00,2026-04-26,2026-02-17,"Airflow, Azure, Pandas, PostgreSQL, Power BI, Python, Tableau",Malmo
C0899132,Drew Johansson,R001,rejected,2026-01-26 22:00:00,,2026-04-26,2026-02-17,"GCP, Looker, Node, Pandas, PostgreSQL, SQL, Tableau, dbt",Gothenburg
C0523001,Drew Andersson,R004,sourced,2026-01-22 10:00:00,2026-01-28 12:00:00,2026-02-18,2026-01-31,"Azure, Excel, FastAPI, React, Spark",Stockholm
C0523001,Casey Olsson,R004,screened,2026-01-28 12:00:00,2026-02-05 16:00:00,2026-02-18,2026-01-31,"AWS, FastAPI, Kubernetes, Looker, Pandas",Stockholm
C0523001,Jamie Eriksson,R004,rejected,2026-02-05 16:00:00,,2026-02-18,2026-01-31,"Azure, Excel, FastAPI, GCP, Kubernetes, Power BI, Snowflake, Tableau",Malmo
C0478201,Jordan Gustafsson,R003,sourced,2026-03-01 12:00:00,2026-03-05 14:00:00,2026-04-12,2026-03-03,"AWS, Azure, Docker, Excel, Python, SQL, Spark, dbt",Uppsala
C0478201,Skyler Lind,R003,screened,2026-03-05 14:00:00,2026-03-11 21:00:00,2026-04-12,2026-03-03,"Airflow, Excel, GCP, Node, PostgreSQL, Python, Spark, dbt",Stockholm
C0478201,Alex Svensson,R003,rejected,2026-03-11 21:00:00,,2026-04-12,2026-03-03,"AWS, Docker, Kubernetes, Pandas, PostgreSQL, Tableau",Uppsala
C0307065,Sam Lind,R005,sourced,2026-04-04 11:00:00,2026-04-11 15:00:00,2026-05-15,2026-04-11,"AWS, Excel, GCP, React, SQL",Remote
C0307065,Alex Svensson,R005,screened,2026-04-11 15:00:00,2026-04-15 20:00:00,2026-05-15,2026-04-11,"FastAPI, Pandas, PostgreSQL, React",Uppsala
C0307065,Jamie Andersson,R005,rejected,2026-04-15 20:00:00,,2026-05-15,2026-04-11,"Azure, Docker, Kubernetes, Looker, Python, SQL",Remote
C7044800,Jamie Johansson,R004,sourced,2026-02-02 10:00:00,2026-02-06 14:00:00,2026-04-27,2026-02-10,"Docker, Kubernetes, Node, PostgreSQL, React",Gothenburg
C7044800,Robin Olsson,R004,screened,2026-02-06 14:00:00,2026-02-09 18:00:00,2026-04-27,2026-02-10,"AWS, Looker, Python, Snowflake",Stockholm
C7044800,Robin Olsson,R004,interview,2026-02-09 18:00:00,2026-02-24 00:00:00,2026-04-27,2026-02-10,"FastAPI, Kubernetes, Pandas, Power BI, Snowflake, Spark, Tableau",Remote
C7044800,Skyler Johansson,R004,offer,2026-02-24 00:00:00,2026-03-04 02:00:00,2026-04-27,2026-02-10,"PostgreSQL, React, Tableau, dbt",Gothenburg
C7044800,Riley Eriksson,R004,rejected,2026-03-04 02:00:00,,2026-04-27,2026-02-10,"Airflow, Kubernetes, Looker, Pandas, PostgreSQL, SQL, Snowflake, Spark",Gothenburg
C6130824,Jordan Gustafsson,R001,sourced,2026-01-25 12:00:00,2026-01-26 12:00:00,2026-04-28,2026-02-21,"Node, SQL, Tableau, dbt",Malmo
C6130824,Quinn Andersson,R001,rejected,2026-01-26 12:00:00,,2026-04-28,2026-02-21,"GCP, Kubernetes, Looker, React, Tableau",Gothenburg
C6234131,Sam Svensson,R001,sourced,2026-01-09 14:00:00,2026-01-11 15:00:00,2026-01-24,2026-01-23,"Docker, Looker, Node, Power BI, React, Snowflake, Spark, dbt",Gothenburg
C6234131,Taylor Persson,R001,screened,2026-01-11 15:00:00,2026-01-19 16:00:00,2026-01-24,2026-01-23,"Azure, Pandas, PostgreSQL, Spark",Stockholm
C6234131,Avery Karlsson,R001,rejected,2026-01-19 16:00:00,,2026-01-24,2026-01-23,"AWS, FastAPI, Kubernetes, PostgreSQL, Snowflake, Tableau, dbt",Gothenburg
C9538461,Jordan Johansson,R005,sourced,2026-03-08 12:00:00,2026-03-08 17:00:00,2026-03-22,2026-03-14,"AWS, Pandas, Power BI, Python, React, Spark",Stockholm
C9538461,Alex Eriksson,R005,screened,2026-03-08 17:00:00,2026-03-13 00:00:00,2026-03-22,2026-03-14,"AWS, Azure, Docker, FastAPI, Power BI, Spark, Tableau, dbt",Gothenburg
C9538461,Quinn Olsson,R005,interview,2026-03-13 00:00:00,2026-03-22 02:00:00,2026-03-22,2026-03-14,"Airflow, Docker, FastAPI, Kubernetes, Looker, SQL, Snowflake",Gothenburg
C9538461,Riley Gustafsson,R005,rejected,2026-03-22 02:00:00,,2026-03-22,2026-03-14,"AWS, FastAPI, GCP, Kubernetes, Looker, React, SQL, Tableau",Gothenburg
C4505633,Cameron Andersson,R003,sourced,2026-03-28 12:00:00,2026-04-01 15:00:00,2026-04-28,2026-04-08,"Airflow, Docker, Excel, GCP, Pandas, Snowflake",Uppsala
C4505633,Taylor Eriksson,R003,screened,2026-04-01 15:00:00,2026-04-04 21:00:00,2026-04-28,2026-04-08,"Docker, FastAPI, Pandas, Python",Uppsala
C4505633,Morgan Nilsson,R003,rejected,2026-04-04 21:00:00,,2026-04-28,2026-04-08,"GCP, Looker, Python, SQL, dbt",Stockholm
C1022787,Quinn Eriksson,R005,sourced,2026-03-21 13:00:00,2026-03-25 19:00:00,2026-05-04,2026-03-28,"AWS, Looker, Node, React",Stockholm
C1022787,Robin Svensson,R005,screened,2026-03-25 19:00:00,2026-04-07 00:00:00,2026-05-04,2026-03-28,"Excel, GCP, Pandas, Power BI, React, Snowflake, Spark",Malmo
C1022787,Drew Lind,R005,interview,2026-04-07 00:00:00,2026-04-21 01:00:00,2026-05-04,2026-03-28,"AWS, Kubernetes, PostgreSQL, Snowflake",Remote
C1022787,Taylor Larsson,R005,rejected,2026-04-21 01:00:00,,2026-05-04,2026-03-28,"AWS, Azure, Excel, GCP, Node, Power BI, Python, SQL",Remote
C2757011,Casey Nilsson,R003,sourced,2026-03-20 13:00:00,2026-03-25 18:00:00,2026-04-27,2026-03-29,"React, SQL, Spark, dbt",Uppsala
C2757011,Quinn Svensson,R003,rejected,2026-03-25 18:00:00,,2026-04-27,2026-03-29,"AWS, Airflow, Docker, Looker",Remote
C1674496,Jamie Gustafsson,R004,sourced,2026-01-18 09:00:00,2026-01-18 10:00:00,2026-04-26,2026-02-05,"AWS, Airflow, Docker, Node, Pandas, React, SQL, dbt",Gothenburg
C1674496,Robin Berg,R004,screened,2026-01-18 10:00:00,2026-01-18 10:00:00,2026-04-26,2026-02-05,"Azure, FastAPI, Power BI, Python, React, SQL, Snowflake, Tableau",Stockholm
C1674496,Taylor Larsson,R004,interview,2026-01-18 10:00:00,2026-01-27 16:00:00,2026-04-26,2026-02-05,"AWS, Excel, Node, Pandas, React, dbt",Uppsala
C1674496,Jamie Lind,R004,offer,2026-01-27 16:00:00,2026-02-07 16:00:00,2026-04-26,2026-02-05,"AWS, FastAPI, Looker, PostgreSQL, Power BI, Python, dbt",Malmo
C1674496,Sam Larsson,R004,rejected,2026-02-07 16:00:00,,2026-04-26,2026-02-05,"AWS, Airflow, Kubernetes, Node, Pandas, SQL",Uppsala
C7188192,Cameron Olsson,R001,sourced,2026-01-03 12:00:00,2026-01-05 17:00:00,2026-04-08,2026-01-28,"Pandas, PostgreSQL, Python, Snowflake, Tableau",Uppsala
C7188192,Quinn Olsson,R001,screened,2026-01-05 17:00:00,2026-01-12 22:00:00,2026-04-08,2026-01-28,"FastAPI, Looker, Node, Pandas, React, dbt",Remote
C7188192,Jordan Berg,R001,rejected,2026-01-12 22:00:00,,2026-04-08,2026-01-28,"Pandas, SQL, Snowflake, dbt",Uppsala
C7573590,Alex Lind,R004,sourced,2026-01-21 09:00:00,2026-01-25 09:00:00,2026-03-26,2026-02-13,"AWS, FastAPI, Power BI, Python, React, Spark",Remote
C7573590,Jordan Persson,R004,screened,2026-01-25 09:00:00,2026-01-27 16:00:00,2026-03-26,2026-02-13,"Airflow, Docker, Excel, GCP, Pandas, PostgreSQL, SQL",Remote
C7573590,Morgan Eriksson,R004,rejected,2026-01-27 16:00:00,,2026-03-26,2026-02-13,"Azure, Excel, FastAPI, Kubernetes",Uppsala
C3721931,Casey Karlsson,R003,sourced,2026-03-20 10:00:00,2026-03-22 14:00:00,2026-06-21,2026-03-22,"AWS, Excel, FastAPI, Node, PostgreSQL",Malmo
C3721931,Jamie Nilsson,R003,rejected,2026-03-22 14:00:00,,2026-06-21,2026-03-22,"Docker, Excel, Looker, SQL, Snowflake, dbt",Uppsala
C0017592,Drew Larsson,R002,sourced,2026-01-17 13:00:00,2026-01-22 19:00:00,2026-01-25,2026-02-13,"Airflow, Kubernetes, Pandas, PostgreSQL, Power BI, Snowflake, Spark, dbt",Remote
C0017592,Drew Gustafsson,R002,rejected,2026-01-22 19:00:00,,2026-01-25,2026-02-13,"AWS, Docker, GCP, Looker, PostgreSQL, React, Snowflake, dbt",Remote
C0270278,Avery Olsson,R001,sourced,2026-01-23 12:00:00,2026-01-29 15:00:00,2026-03-25,2026-02-15,"Excel, Kubernetes, Looker, Spark",Uppsala
C0270278,Skyler Nilsson,R001,screened,2026-01-29 15:00:00,2026-02-01 18:00:00,2026-03-25,2026-02-15,"FastAPI, GCP, Node, PostgreSQL, Python, Spark, dbt",Stockholm
C0270278,Skyler Olsson,R001,rejected,2026-02-01 18:00:00,,2026-03-25,2026-02-15,"AWS, FastAPI, Kubernetes, PostgreSQL, dbt",Stockholm
C1439979,Avery Johansson,R003,sourced,2026-04-05 15:00:00,2026-04-07 19:00:00,2026-06-15,2026-04-11,"Airflow, FastAPI, Power BI, SQL, Snowflake, dbt",Stockholm
C1439979,Drew Eriksson,R003,screened,2026-04-07 19:00:00,2026-04-13 22:00:00,2026-06-15,2026-04-11,"Azure, FastAPI, GCP, PostgreSQL, Power BI, Snowflake",Malmo
C1439979,Drew Larsson,R003,rejected,2026-04-13 22:00:00,,2026-06-15,2026-04-11,"Airflow, Azure, Excel, FastAPI, GCP, Looker, React, Spark",Uppsala
C0885937,Skyler Berg,R004,sourced,2026-02-09 13:00:00,2026-02-12 19:00:00,2026-05-20,2026-03-07,"Airflow, Azure, Docker, Spark",Remote
C0885937,Sam Nilsson,R004,rejected,2026-02-12 19:00:00,,2026-05-20,2026-03-07,"Airflow, GCP, Pandas, Snowflake, Tableau",Malmo
C8286177,Riley Svensson,R003,sourced,2026-03-08 10:00:00,2026-03-08 11:00:00,2026-05-04,2026-03-26,"AWS, Looker, Pandas, Snowflake, Tableau",Stockholm
C8286177,Jordan Nilsson,R003,rejected,2026-03-08 11:00:00,,2026-05-04,2026-03-26,"Kubernetes, Node, Power BI, Python",Remote
C0749151,Robin Nilsson,R004,sourced,2026-01-28 09:00:00,2026-01-29 09:00:00,2026-04-28,2026-02-15,"Azure, Docker, FastAPI, GCP, Kubernetes, Looker, Node, Power BI",Malmo
C0749151,Taylor Persson,R004,screened,2026-01-29 09:00:00,2026-02-03 09:00:00,2026-04-28,2026-02-15,"Node, Pandas, Python, Tableau",Gothenburg
C0749151,Taylor Berg,R004,interview,2026-02-03 09:00:00,2026-02-16 12:00:00,2026-04-28,2026-02-15,"Looker, Node, Python, React, SQL",Malmo
C0749151,Riley Persson,R004,rejected,2026-02-16 12:00:00,,2026-04-28,2026-02-15,"Azure, Docker, Excel, Node, PostgreSQL, SQL, Snowflake",Uppsala
C8444813,Drew Berg,R003,sourced,2026-03-16 14:00:00,2026-03-19 18:00:00,2026-04-20,2026-03-19,"AWS, Airflow, Azure, Power BI, SQL",Remote
C8444813,Taylor Johansson,R003,rejected,2026-03-19 18:00:00,,2026-04-20,2026-03-19,"FastAPI, GCP, Kubernetes, Node, PostgreSQL, Python, SQL, dbt",Stockholm
C9952443,Alex Andersson,R001,sourced,2026-01-20 15:00:00,2026-01-22 20:00:00,2026-03-07,2026-01-20,"FastAPI, GCP, Looker, Node, React, SQL",Gothenburg
C9952443,Riley Berg,R001,screened,2026-01-22 20:00:00,2026-01-28 23:00:00,2026-03-07,2026-01-20,"Airflow, Looker, SQL, Tableau",Stockholm
C9952443,Skyler Svensson,R001,rejected,2026-01-28 23:00:00,,2026-03-07,2026-01-20,"AWS, Azure, FastAPI, GCP, Node, Pandas, React, dbt",Stockholm
C2980612,Drew Olsson,R004,sourced,2026-02-02 10:00:00,2026-02-07 11:00:00,2026-04-04,2026-02-14,"AWS, Airflow, GCP, Power BI",Stockholm
C2980612,Casey Johansson,R004,rejected,2026-02-07 11:00:00,,2026-04-04,2026-02-14,"Airflow, Excel, FastAPI, Spark",Gothenburg
C4847652,Jamie Eriksson,R002,sourced,2026-02-19 10:00:00,2026-02-20 10:00:00,2026-06-10,2026-03-20,"Node, Power BI, Python, SQL",Stockholm
C4847652,Morgan Karlsson,R002,rejected,2026-02-20 10:00:00,,2026-06-10,2026-03-20,"Docker, Excel, Node, Pandas, PostgreSQL, React, Spark, dbt",Remote
C1820510,Drew Lind,R001,sourced,2026-01-23 13:00:00,2026-01-26 16:00:00,2026-03-27,2026-02-09,"Docker, Excel, Pandas, SQL, Snowflake, Tableau",Gothenburg
C1820510,Drew Olsson,R001,screened,2026-01-26 16:00:00,2026-01-30 21:00:00,2026-03-27,2026-02-09,"Looker, Node, Power BI, Python, React, Spark, Tableau",Uppsala
C1820510,Morgan Eriksson,R001,interview,2026-01-30 21:00:00,2026-02-03 23:00:00,2026-03-27,2026-02-09,"AWS, Azure, FastAPI, Looker, Node, SQL",Uppsala
C1820510,Avery Eriksson,R001,offer,2026-02-03 23:00:00,2026-02-08 04:00:00,2026-03-27,2026-02-09,"Excel, PostgreSQL, Python, dbt",Malmo
C1820510,Taylor Persson,R001,rejected,2026-02-08 04:00:00,,2026-03-27,2026-02-09,"Docker, Excel, Kubernetes, Node, Power BI, Tableau, dbt",Uppsala
C3077452,Casey Svensson,R004,sourced,2026-01-26 10:00:00,2026-01-29 14:00:00,2026-03-17,2026-01-30,"Excel, FastAPI, Kubernetes, Spark, Tableau",Stockholm
C3077452,Jamie Berg,R004,rejected,2026-01-29 14:00:00,,2026-03-17,2026-01-30,"AWS, Airflow, Node, Pandas, dbt",Remote
C2000267,Riley Nilsson,R003,sourced,2026-04-05 13:00:00,2026-04-07 14:00:00,2026-05-29,2026-05-01,"Azure, FastAPI, Looker, Power BI, React, SQL, Tableau",Uppsala
C2000267,Cameron Berg,R003,rejected,2026-04-07 14:00:00,,2026-05-29,2026-05-01,"Docker, FastAPI, Kubernetes, React, Snowflake, Spark, Tableau, dbt",Gothenburg
C7202780,Skyler Larsson,R001,sourced,2026-01-26 10:00:00,2026-01-29 17:00:00,2026-04-18,2026-02-18,"AWS, Airflow, Excel, GCP, Looker, Pandas, PostgreSQL, Python",Malmo
C7202780,Skyler Berg,R001,screened,2026-01-29 17:00:00,2026-02-02 23:00:00,2026-04-18,2026-02-18,"Docker, FastAPI, Kubernetes, Looker, Pandas, Power BI, Snowflake, dbt",Remote
C7202780,Morgan Lind,R001,rejected,2026-02-02 23:00:00,,2026-04-18,2026-02-18,"Docker, GCP, Kubernetes, Pandas, Python, SQL, Tableau",Uppsala
C2613569,Cameron Gustafsson,R001,sourced,2026-01-16 16:00:00,2026-01-20 16:00:00,2026-04-23,2026-01-26,"Excel, FastAPI, Looker, Node, Snowflake, dbt",Gothenburg
C2613569,Quinn Olsson,R001,screened,2026-01-20 16:00:00,2026-01-23 23:00:00,2026-04-23,2026-01-26,"Azure, Docker, GCP, React, Spark",Stockholm
C2613569,Avery Berg,R001,rejected,2026-01-23 23:00:00,,2026-04-23,2026-01-26,"AWS, Kubernetes, Looker, Node, Power BI, React, SQL, Tableau",Malmo
C8909651,Sam Svensson,R002,sourced,2026-01-23 11:00:00,2026-01-24 12:00:00,2026-05-21,2026-02-02,"AWS, Azure, Docker, Excel, GCP, Looker, Snowflake",Malmo
C8909651,Cameron Lind,R002,screened,2026-01-24 12:00:00,2026-01-29 18:00:00,2026-05-21,2026-02-02,"AWS, Airflow, Azure, FastAPI, Looker, Pandas, PostgreSQL, dbt",Uppsala
C8909651,Morgan Lind,R002,rejected,2026-01-29 18:00:00,,2026-05-21,2026-02-02,"Excel, FastAPI, Kubernetes, PostgreSQL, Power BI, Spark, Tableau, dbt",Remote
C8567755,Cameron Olsson,R003,sourced,2026-03-12 10:00:00,2026-03-12 10:00:00,2026-04-30,2026-04-06,"Excel, GCP, Kubernetes, Node, Power BI, SQL, Snowflake",Gothenburg
C8567755,Cameron Gustafsson,R003,rejected,2026-03-12 10:00:00,,2026-04-30,2026-04-06,"AWS, Kubernetes, Pandas, Python, React",Malmo
C5587672,Cameron Andersson,R001,sourced,2026-02-09 16:00:00,2026-02-09 19:00:00,2026-03-09,2026-02-26,"Azure, FastAPI, GCP, Node, Pandas, React, Snowflake, Tableau",Remote
C5587672,Riley Olsson,R001,screened,2026-02-09 19:00:00,2026-02-14 02:00:00,2026-03-09,2026-02-26,"Docker, Excel, Node, Power BI, Snowflake, Spark",Malmo
C5587672,Casey Nilsson,R001,interview,2026-02-14 02:00:00,2026-02-19 03:00:00,2026-03-09,2026-02-26,"Airflow, FastAPI, GCP, Looker, PostgreSQL, dbt",Gothenburg
C5587672,Jordan Lind,R001,offer,2026-02-19 03:00:00,2026-02-24 07:00:00,2026-03-09,2026-02-26,"AWS, Airflow, Azure, Excel, FastAPI, Pandas, dbt",Gothenburg
C5587672,Alex Larsson,R001,rejected,2026-02-24 07:00:00,,2026-03-09,2026-02-26,"Airflow, FastAPI, Node, Power BI, Tableau, dbt",Stockholm
C0425125,Drew Karlsson,R001,sourced,2026-01-16 11:00:00,2026-01-19 13:00:00,2026-02-11,2026-01-17,"Docker, Looker, PostgreSQL, React, dbt",Stockholm
C0425125,Taylor Karlsson,R001,rejected,2026-01-19 13:00:00,,2026-02-11,2026-01-17,"AWS, Airflow, Azure, PostgreSQL, Spark",Stockholm
C6716967,Taylor Johansson,R004,sourced,2026-01-12 14:00:00,2026-01-13 16:00:00,2026-04-07,2026-01-15,"FastAPI, GCP, Kubernetes, Node, PostgreSQL, React",Malmo
C6716967,Skyler Olsson,R004,rejected,2026-01-13 16:00:00,,2026-04-07,2026-01-15,"AWS, Airflow, Node, SQL, Spark",Uppsala
C9478508,Avery Olsson,R004,sourced,2026-02-07 16:00:00,2026-02-12 22:00:00,2026-04-21,2026-03-06,"Airflow, Docker, FastAPI, PostgreSQL, Python, SQL, dbt",Gothenburg
C9478508,Alex Persson,R004,screened,2026-02-12 22:00:00,2026-02-19 05:00:00,2026-04-21,2026-03-06,"AWS, Looker, Pandas, PostgreSQL, SQL",Stockholm
C9478508,Avery Persson,R004,rejected,2026-02-19 05:00:00,,2026-04-21,2026-03-06,"AWS, Airflow, Excel, PostgreSQL, Python, React, SQL, dbt",Remote
C2512937,Quinn Johansson,R003,sourced,2026-02-23 16:00:00,2026-02-23 16:00:00,2026-05-17,2026-03-20,"Airflow, FastAPI, Looker, Python",Malmo
C2512937,Skyler Larsson,R003,rejected,2026-02-23 16:00:00,,2026-05-17,2026-03-20,"Docker, Excel, FastAPI, GCP, Python, SQL, dbt",Uppsala
C1327782,Morgan Olsson,R001,sourced,2026-01-01 09:00:00,2026-01-02 11:00:00,2026-04-12,2026-01-28,"FastAPI, Pandas, PostgreSQL, Power BI, dbt",Malmo
C1327782,Jordan Olsson,R001,rejected,2026-01-02 11:00:00,,2026-04-12,2026-01-28,"AWS, Excel, FastAPI, GCP, Kubernetes, Node, SQL, Spark",Gothenburg
C9853574,Skyler Karlsson,R002,sourced,2026-02-10 14:00:00,2026-02-16 18:00:00,2026-03-07,2026-03-09,"AWS, Airflow, Snowflake, Tableau",Remote
C9853574,Jordan Olsson,R002,screened,2026-02-16 18:00:00,2026-02-25 19:00:00,2026-03-07,2026-03-09,"Docker, Excel, Node, dbt",Gothenburg
C9853574,Riley Johansson,R002,interview,2026-02-25 19:00:00,2026-03-07 20:00:00,2026-03-07,2026-03-09,"Excel, GCP, Looker, Power BI, React, SQL, Tableau",Gothenburg
C9853574,Taylor Karlsson,R002,offer,2026-03-07 20:00:00,2026-03-15 01:00:00,2026-03-07,2026-03-09,"AWS, Docker, Excel, Python, SQL",Gothenburg
C9853574,Drew Persson,R002,rejected,2026-03-15 01:00:00,,2026-03-07,2026-03-09,"Kubernetes, Looker, Node, Tableau",Gothenburg
C3190389,Morgan Eriksson,R006,sourced,2026-02-14 12:00:00,2026-02-14 18:00:00,2026-04-17,2026-03-10,"Airflow, Excel, Looker, Python, Snowflake, Tableau, dbt",Uppsala
C3190389,Casey Gustafsson,R006,screened,2026-02-14 18:00:00,2026-02-16 20:00:00,2026-04-17,2026-03-10,"AWS, Azure, FastAPI, Kubernetes, PostgreSQL, Power BI, React, SQL",Gothenburg
C3190389,Avery Andersson,R006,rejected,2026-02-16 20:00:00,,2026-04-17,2026-03-10,"FastAPI, Kubernetes, Node, Python",Stockholm
C8149284,Taylor Olsson,R002,sourced,2026-01-24 11:00:00,2026-01-30 17:00:00,2026-05-14,2026-02-08,"GCP, Kubernetes, Node, Python",Gothenburg
C8149284,Drew Gustafsson,R002,screened,2026-01-30 17:00:00,2026-02-10 19:00:00,2026-05-14,2026-02-08,"Docker, Pandas, React, Tableau",Gothenburg
C8149284,Riley Berg,R002,rejected,2026-02-10 19:00:00,,2026-05-14,2026-02-08,"Excel, Kubernetes, PostgreSQL, Python, dbt",Malmo
C3133731,Riley Eriksson,R001,sourced,2026-02-22 09:00:00,2026-02-27 09:00:00,2026-03-18,2026-03-04,"AWS, Azure, Looker, Pandas, PostgreSQL, Power BI, Python",Gothenburg
C3133731,Skyler Persson,R001,screened,2026-02-27 09:00:00,2026-03-08 16:00:00,2026-03-18,2026-03-04,"AWS, Airflow, Node, Power BI, Python, Snowflake",Uppsala
C3133731,Robin Persson,R001,interview,2026-03-08 16:00:00,2026-03-15 19:00:00,2026-03-18,2026-03-04,"Airflow, Azure, FastAPI, Node, Pandas, React, Snowflake, Tableau",Uppsala
C3133731,Robin Johansson,R001,offer,2026-03-15 19:00:00,2026-03-21 21:00:00,2026-03-18,2026-03-04,"AWS, Docker, Node, SQL, Spark, Tableau",Malmo
C3133731,Morgan Larsson,R001,hired,2026-03-21 21:00:00,,2026-03-18,2026-03-04,"AWS, Excel, Looker, Python, React, Spark, Tableau, dbt",Malmo
C3438558,Riley Andersson,R005,sourced,2026-03-17 10:00:00,2026-03-24 17:00:00,2026-04-08,2026-03-27,"AWS, Docker, Pandas, PostgreSQL, Power BI, React, Snowflake",Remote
C3438558,Avery Johansson,R005,screened,2026-03-24 17:00:00,2026-03-29 20:00:00,2026-04-08,2026-03-27,"Airflow, Azure, Excel, Power BI, SQL, Snowflake, Tableau, dbt",Stockholm
C3438558,Riley Lind,R005,interview,2026-03-29 20:00:00,2026-04-06 00:00:00,2026-04-08,2026-03-27,"GCP, Kubernetes, Node, Python, SQL, Tableau",Remote
C3438558,Jordan Eriksson,R005,rejected,2026-04-06 00:00:00,,2026-04-08,2026-03-27,"Excel, GCP, Pandas, PostgreSQL, Spark, Tableau, dbt",Remote
C8134669,Drew Andersson,R003,sourced,2026-03-09 10:00:00,2026-03-14 15:00:00,2026-03-31,2026-04-02,"Excel, Pandas, PostgreSQL, Python, Spark, Tableau",Malmo
C8134669,Skyler Karlsson,R003,screened,2026-03-14 15:00:00,2026-03-14 17:00:00,2026-03-31,2026-04-02,"Airflow, Azure, Pandas, Tableau",Gothenburg
C8134669,Riley Karlsson,R003,rejected,2026-03-14 17:00:00,,2026-03-31,2026-04-02,"Airflow, Excel, FastAPI, PostgreSQL, Tableau, dbt",Stockholm
C7344778,Cameron Karlsson,R002,sourced,2026-01-19 15:00:00,2026-01-19 20:00:00,2026-05-03,2026-02-03,"Airflow, Excel, Looker, PostgreSQL, React, Spark",Uppsala
C7344778,Casey Andersson,R002,rejected,2026-01-19 20:00:00,,2026-05-03,2026-02-03,"AWS, Docker, FastAPI, Kubernetes, Looker, Node, dbt",Malmo
C0815092,Riley Nilsson,R006,sourced,2026-03-07 14:00:00,2026-03-09 18:00:00,2026-06-07,2026-03-25,"Azure, Excel, FastAPI, GCP, Kubernetes, Looker, Python, Spark",Gothenburg
C0815092,Cameron Lind,R006,rejected,2026-03-09 18:00:00,,2026-06-07,2026-03-25,"Excel, Kubernetes, Node, Pandas",Gothenburg
C1825654,Jamie Karlsson,R002,sourced,2026-01-14 12:00:00,2026-01-19 18:00:00,2026-02-11,2026-01-22,"Airflow, Docker, React, Tableau",Uppsala
C1825654,Avery Eriksson,R002,rejected,2026-01-19 18:00:00,,2026-02-11,2026-01-22,"AWS, Airflow, React, Spark",Gothenburg
C3869733,Jamie Lind,R006,sourced,2026-01-29 13:00:00,2026-01-31 13:00:00,2026-04-28,2026-02-08,"GCP, Pandas, PostgreSQL, Snowflake",Gothenburg
C3869733,Alex Olsson,R006,screened,2026-01-31 13:00:00,2026-02-03 19:00:00,2026-04-28,2026-02-08,"Airflow, FastAPI, Power BI, React, dbt",Stockholm
C3869733,Alex Lind,R006,interview,2026-02-03 19:00:00,2026-02-16 19:00:00,2026-04-28,2026-02-08,"PostgreSQL, Power BI, React, SQL, dbt",Stockholm
C3869733,Morgan Berg,R006,rejected,2026-02-16 19:00:00,,2026-04-28,2026-02-08,"AWS, Azure, Excel, FastAPI, GCP, PostgreSQL, React, dbt",Gothenburg
C4207816,Sam Olsson,R005,sourced,2026-02-10 15:00:00,2026-02-12 16:00:00,2026-02-13,2026-03-11,"Airflow, Azure, GCP, Looker, Pandas, PostgreSQL",Malmo
C4207816,Jamie Andersson,R005,screened,2026-02-12 16:00:00,2026-02-16 18:00:00,2026-02-13,2026-03-11,"AWS, Kubernetes, Node, PostgreSQL, SQL, dbt",Gothenburg
C4207816,Casey Svensson,R005,interview,2026-02-16 18:00:00,2026-02-21 22:00:00,2026-02-13,2026-03-11,"AWS, Airflow, Azure, Docker, GCP, Looker, Power BI, Spark",Remote
C4207816,Casey Olsson,R005,offer,2026-02-21 22:00:00,2026-02-22 03:00:00,2026-02-13,2026-03-11,"GCP, Node, SQL, Spark",Gothenburg
C4207816,Robin Karlsson,R005,rejected,2026-02-22 03:00:00,,2026-02-13,2026-03-11,"AWS, Azure, Docker, FastAPI, GCP, SQL, Spark, Tableau",Remote
C4316768,Alex Lind,R001,sourced,2026-02-20 15:00:00,2026-02-26 21:00:00,2026-05-09,2026-02-21,"AWS, Airflow, Docker, GCP, Kubernetes, Looker, Snowflake",Stockholm
C4316768,Skyler Nilsson,R001,screened,2026-02-26 21:00:00,2026-02-28 01:00:00,2026-05-09,2026-02-21,"Airflow, Azure, GCP, Kubernetes, Looker, Power BI, Snowflake, dbt",Malmo
C4316768,Jordan Berg,R001,rejected,2026-02-28 01:00:00,,2026-05-09,2026-02-21,"Excel, FastAPI, GCP, Power BI, Spark, dbt",Uppsala
C7528197,Morgan Persson,R006,sourced,2026-02-11 10:00:00,2026-02-15 16:00:00,2026-05-30,2026-02-26,"AWS, FastAPI, Snowflake, Spark, dbt",Uppsala
C7528197,Jordan Larsson,R006,screened,2026-02-15 16:00:00,2026-02-15 20:00:00,2026-05-30,2026-02-26,"GCP, Looker, Node, Power BI, Python, React, Snowflake",Malmo
C7528197,Jordan Berg,R006,interview,2026-02-15 20:00:00,2026-02-24 01:00:00,2026-05-30,2026-02-26,"Airflow, FastAPI, GCP, Looker, Node, PostgreSQL, Power BI, Snowflake",Uppsala
C7528197,Jamie Svensson,R006,offer,2026-02-24 01:00:00,2026-02-25 06:00:00,2026-05-30,2026-02-26,"FastAPI, Pandas, Python, dbt",Gothenburg
C7528197,Avery Olsson,R006,rejected,2026-02-25 06:00:00,,2026-05-30,2026-02-26,"Airflow, Docker, Kubernetes, Python, SQL",Stockholm
C8419331,Taylor Svensson,R003,sourced,2026-03-31 11:00:00,2026-04-05 16:00:00,2026-06-10,2026-04-07,"Docker, PostgreSQL, Power BI, React, SQL, dbt",Malmo
C8419331,Cameron Eriksson,R003,rejected,2026-04-05 16:00:00,,2026-06-10,2026-04-07,"Docker, Looker, Pandas, SQL, Spark",Remote
C4751737,Riley Andersson,R005,sourced,2026-02-20 16:00:00,2026-02-25 16:00:00,2026-03-26,2026-03-21,"Azure, Docker, Excel, Looker, Power BI, Spark",Gothenburg
C4751737,Sam Eriksson,R005,rejected,2026-02-25 16:00:00,,2026-03-26,2026-03-21,"AWS, Azure, Docker, FastAPI, Pandas, Snowflake",Uppsala
C5835661,Morgan Lind,R004,sourced,2026-01-23 16:00:00,2026-01-26 22:00:00,2026-05-09,2026-02-15,"Airflow, Docker, GCP, Kubernetes, Looker, Node, Spark",Malmo
C5835661,Alex Johansson,R004,screened,2026-01-26 22:00:00,2026-02-02 01:00:00,2026-05-09,2026-02-15,"Airflow, GCP, Looker, Power BI, SQL, dbt",Remote
C5835661,Cameron Svensson,R004,interview,2026-02-02 01:00:00,2026-02-13 08:00:00,2026-05-09,2026-02-15,"Excel, FastAPI, PostgreSQL, React, SQL, Spark",Gothenburg
C5835661,Jordan Nilsson,R004,rejected,2026-02-13 08:00:00,,2026-05-09,2026-02-15,"AWS, Azure, Kubernetes, Pandas, Tableau",Malmo
C2135897,Alex Berg,R002,sourced,2026-02-14 13:00:00,2026-02-17 18:00:00,2026-04-03,2026-03-10,"Docker, Excel, GCP, Node, Power BI, React, SQL",Uppsala
C2135897,Alex Olsson,R002,rejected,2026-02-17 18:00:00,,2026-04-03,2026-03-10,"Azure, Looker, Node, Python, SQL, Snowflake, Spark",Remote
C3471559,Casey Gustafsson,R005,sourced,2026-02-11 09:00:00,2026-02-16 16:00:00,2026-02-14,2026-02-27,"Docker, GCP, Looker, Power BI, Python, Spark, dbt",Stockholm
C3471559,Avery Nilsson,R005,screened,2026-02-16 16:00:00,2026-02-21 22:00:00,2026-02-14,2026-02-27,"Excel, FastAPI, Node, PostgreSQL",Gothenburg
C3471559,Avery Johansson,R005,interview,2026-02-21 22:00:00,2026-02-28 00:00:00,2026-02-14,2026-02-27,"Airflow, GCP, Node, Pandas, Snowflake, dbt",Malmo
C3471559,Casey Johansson,R005,offer,2026-02-28 00:00:00,2026-03-06 01:00:00,2026-02-14,2026-02-27,"Docker, Excel, FastAPI, Pandas, SQL, Snowflake, Spark",Gothenburg
C3471559,Cameron Larsson,R005,hired,2026-03-06 01:00:00,,2026-02-14,2026-02-27,"Docker, FastAPI, GCP, Node, Power BI, React, Spark, Tableau",Remote
C5045076,Cameron Larsson,R003,sourced,2026-02-11 13:00:00,2026-02-12 16:00:00,2026-03-09,2026-03-05,"Looker, Pandas, React, SQL, Spark, dbt",Gothenburg
C5045076,Quinn Berg,R003,screened,2026-02-12 16:00:00,2026-02-17 23:00:00,2026-03-09,2026-03-05,"AWS, Kubernetes, Looker, PostgreSQL, SQL, dbt",Uppsala
C5045076,Casey Nilsson,R003,interview,2026-02-17 23:00:00,2026-03-01 05:00:00,2026-03-09,2026-03-05,"Docker, Looker, Node, Pandas, PostgreSQL, Spark",Uppsala
C5045076,Cameron Gustafsson,R003,rejected,2026-03-01 05:00:00,,2026-03-09,2026-03-05,"Airflow, Azure, Excel, Kubernetes, Looker, Python",Remote
C9756367,Taylor Persson,R002,sourced,2026-01-29 09:00:00,2026-02-03 10:00:00,2026-04-01,2026-02-19,"Azure, FastAPI, Pandas, Python, SQL, Snowflake, Spark, dbt",Uppsala
C9756367,Drew Berg,R002,rejected,2026-02-03 10:00:00,,2026-04-01,2026-02-19,"Airflow, Node, Pandas, SQL, Spark, Tableau",Stockholm
C8461926,Cameron Larsson,R003,sourced,2026-02-15 09:00:00,2026-02-17 10:00:00,2026-03-02,2026-03-15,"Airflow, Azure, Docker, Node, Pandas, PostgreSQL, Python, SQL",Gothenburg
C8461926,Drew Johansson,R003,screened,2026-02-17 10:00:00,2026-03-01 16:00:00,2026-03-02,2026-03-15,"AWS, Excel, PostgreSQL, Power BI, Python, Tableau, dbt",Malmo
C8461926,Jamie Eriksson,R003,interview,2026-03-01 16:00:00,2026-03-04 23:00:00,2026-03-02,2026-03-15,"AWS, Docker, Looker, Pandas, Power BI, Tableau",Gothenburg
C8461926,Riley Nilsson,R003,offer,2026-03-04 23:00:00,2026-03-23 04:00:00,2026-03-02,2026-03-15,"Azure, Kubernetes, Looker, React, dbt",Gothenburg
C8461926,Skyler Larsson,R003,rejected,2026-03-23 04:00:00,,2026-03-02,2026-03-15,"AWS, Azure, GCP, Kubernetes, Pandas, Power BI, SQL, Snowflake",Remote
C0764588,Cameron Svensson,R004,sourced,2026-01-25 13:00:00,2026-01-26 14:00:00,2026-04-04,2026-02-22,"Excel, GCP, Python, SQL, Snowflake, Tableau, dbt",Uppsala
C0764588,Alex Eriksson,R004,screened,2026-01-26 14:00:00,2026-01-26 15:00:00,2026-04-04,2026-02-22,"Azure, Excel, FastAPI, PostgreSQL, Power BI, Spark, dbt",Gothenburg
C0764588,Robin Karlsson,R004,interview,2026-01-26 15:00:00,2026-02-04 18:00:00,2026-04-04,2026-02-22,"AWS, Azure, FastAPI, Looker, Power BI, React, SQL",Stockholm
C0764588,Jordan Olsson,R004,rejected,2026-02-04 18:00:00,,2026-04-04,2026-02-22,"React, Snowflake, Tableau, dbt",Uppsala
C6895467,Cameron Olsson,R004,sourced,2026-02-25 14:00:00,2026-02-25 21:00:00,2026-06-19,2026-03-18,"Docker, GCP, Pandas, React, dbt",Gothenburg
C6895467,Jordan Olsson,R004,rejected,2026-02-25 21:00:00,,2026-06-19,2026-03-18,"Azure, Docker, Excel, Pandas, Snowflake",Remote
C8894377,Sam Berg,R001,sourced,2026-01-12 13:00:00,2026-01-14 19:00:00,2026-03-30,2026-01-25,"AWS, GCP, Node, PostgreSQL, React, Spark",Gothenburg
C8894377,Cameron Larsson,R001,screened,2026-01-14 19:00:00,2026-01-19 02:00:00,2026-03-30,2026-01-25,"Azure, Excel, GCP, Node, Pandas, Power BI, Python",Uppsala
C8894377,Jamie Nilsson,R001,interview,2026-01-19 02:00:00,2026-01-28 08:00:00,2026-03-30,2026-01-25,"AWS, Excel, PostgreSQL, Snowflake, Tableau",Uppsala
C8894377,Casey Larsson,R001,offer,2026-01-28 08:00:00,2026-02-08 12:00:00,2026-03-30,2026-01-25,"Docker, FastAPI, Node, Power BI, Python, SQL, Spark, dbt",Malmo
C8894377,Skyler Johansson,R001,rejected,2026-02-08 12:00:00,,2026-03-30,2026-01-25,"Azure, Docker, Node, Pandas, Tableau",Remote
C4153215,Casey Eriksson,R004,sourced,2026-01-12 14:00:00,2026-01-14 19:00:00,2026-05-04,2026-02-08,"AWS, Docker, Excel, Pandas, Power BI, dbt",Stockholm
C4153215,Riley Andersson,R004,rejected,2026-01-14 19:00:00,,2026-05-04,2026-02-08,"Docker, FastAPI, GCP, Node, Python, Spark, Tableau, dbt",Uppsala
C3907046,Jordan Persson,R005,sourced,2026-04-02 11:00:00,2026-04-06 18:00:00,2026-04-08,2026-04-24,"Airflow, GCP, PostgreSQL, Power BI, React, dbt",Malmo
C3907046,Taylor Nilsson,R005,screened,2026-04-06 18:00:00,2026-04-12 22:00:00,2026-04-08,2026-04-24,"Docker, FastAPI, GCP, Looker, PostgreSQL, Power BI, dbt",Gothenburg
C3907046,Skyler Olsson,R005,interview,2026-04-12 22:00:00,2026-04-23 04:00:00,2026-04-08,2026-04-24,"Airflow, Docker, FastAPI, GCP, Node",Gothenburg
C3907046,Quinn Svensson,R005,offer,2026-04-23 04:00:00,2026-04-28 06:00:00,2026-04-08,2026-04-24,"Docker, Kubernetes, React, Snowflake",Stockholm
C3907046,Taylor Lind,R005,rejected,2026-04-28 06:00:00,,2026-04-08,2026-04-24,"AWS, Kubernetes, React, Snowflake",Malmo
C7355120,Robin Svensson,R001,sourced,2026-01-11 12:00:00,2026-01-13 15:00:00,2026-05-03,2026-02-07,"FastAPI, Python, React, SQL, Spark, Tableau",Gothenburg
C7355120,Sam Karlsson,R001,screened,2026-01-13 15:00:00,2026-01-18 18:00:00,2026-05-03,2026-02-07,"FastAPI, Kubernetes, PostgreSQL, Python, React, SQL, Spark",Stockholm
C7355120,Alex Eriksson,R001,interview,2026-01-18 18:00:00,2026-01-27 01:00:00,2026-05-03,2026-02-07,"AWS, Azure, Excel, Looker, Node, Power BI, Tableau, dbt",Remote
C7355120,Drew Nilsson,R001,rejected,2026-01-27 01:00:00,,2026-05-03,2026-02-07,"Docker, Excel, Kubernetes, Looker, Node, Pandas, React, Snowflake",Gothenburg
C2233423,Alex Berg,R004,sourced,2026-02-05 12:00:00,2026-02-05 17:00:00,2026-04-24,2026-02-08,"AWS, GCP, Snowflake, Spark",Gothenburg
C2233423,Casey Berg,R004,rejected,2026-02-05 17:00:00,,2026-04-24,2026-02-08,"Airflow, Docker, GCP, Looker, Node, Python, SQL, Snowflake",Malmo
C1969313,Jordan Karlsson,R005,sourced,2026-02-27 14:00:00,2026-03-03 19:00:00,2026-05-23,2026-03-01,"Airflow, Excel, FastAPI, Looker, Node, PostgreSQL, Snowflake, Spark",Remote
C1969313,Jordan Nilsson,R005,screened,2026-03-03 19:00:00,2026-03-11 20:00:00,2026-05-23,2026-03-01,"FastAPI, Looker, Power BI, Spark",Stockholm
C1969313,Morgan Lind,R005,interview,2026-03-11 20:00:00,2026-03-21 20:00:00,2026-05-23,2026-03-01,"Azure, Docker, GCP, Kubernetes, Looker, Node, PostgreSQL, dbt",Gothenburg
C1969313,Skyler Eriksson,R005,rejected,2026-03-21 20:00:00,,2026-05-23,2026-03-01,"Azure, Docker, FastAPI, Power BI, SQL, Snowflake, Spark",Gothenburg
C7612807,Avery Johansson,R002,sourced,2026-01-24 09:00:00,2026-01-26 15:00:00,2026-02-07,2026-02-22,"AWS, Excel, GCP, Looker, Power BI, Python, Spark",Stockholm
C7612807,Quinn Larsson,R002,screened,2026-01-26 15:00:00,2026-02-06 19:00:00,2026-02-07,2026-02-22,"Docker, PostgreSQL, Power BI, Tableau",Malmo
C7612807,Alex Nilsson,R002,rejected,2026-02-06 19:00:00,,2026-02-07,2026-02-22,"AWS, Airflow, Docker, FastAPI, React, SQL",Gothenburg
C0656931,Drew Karlsson,R001,sourced,2026-01-01 12:00:00,2026-01-03 13:00:00,2026-01-21,2026-01-05,"AWS, Airflow, Kubernetes, Python, Tableau, dbt",Remote
C0656931,Cameron Johansson,R001,screened,2026-01-03 13:00:00,2026-01-06 18:00:00,2026-01-21,2026-01-05,"AWS, Azure, Kubernetes, Pandas, Spark, Tableau, dbt",Remote
C0656931,Jordan Eriksson,R001,rejected,2026-01-06 18:00:00,,2026-01-21,2026-01-05,"AWS, Airflow, GCP, dbt",Uppsala
C0069844,Taylor Larsson,R005,sourced,2026-02-17 09:00:00,2026-02-19 12:00:00,2026-05-19,2026-03-01,"AWS, Excel, FastAPI, Looker, Pandas, Python, Tableau",Gothenburg
C0069844,Cameron Larsson,R005,screened,2026-02-19 12:00:00,2026-02-23 16:00:00,2026-05-19,2026-03-01,"Excel, GCP, Kubernetes, Node, Power BI, Snowflake, Spark",Uppsala
C0069844,Sam Berg,R005,rejected,2026-02-23 16:00:00,,2026-05-19,2026-03-01,"Azure, GCP, Node, Power BI, Python, React, Spark",Uppsala
C2835355,Jamie Andersson,R002,sourced,2026-02-03 12:00:00,2026-02-06 15:00:00,2026-04-07,2026-02-22,"AWS, Looker, React, SQL, Spark",Stockholm
C2835355,Cameron Persson,R002,screened,2026-02-06 15:00:00,2026-02-10 20:00:00,2026-04-07,2026-02-22,"AWS, Azure, Docker, GCP, Snowflake, Tableau",Stockholm
C2835355,Drew Nilsson,R002,interview,2026-02-10 20:00:00,2026-02-19 00:00:00,2026-04-07,2026-02-22,"Excel, FastAPI, PostgreSQL, SQL, Spark",Malmo
C2835355,Casey Svensson,R002,rejected,2026-02-19 00:00:00,,2026-04-07,2026-02-22,"AWS, FastAPI, GCP, dbt",Malmo
C4586808,Jordan Johansson,R006,sourced,2026-03-18 14:00:00,2026-03-21 16:00:00,2026-07-10,2026-04-04,"AWS, Node, Pandas, dbt",Remote
C4586808,Taylor Berg,R006,screened,2026-03-21 16:00:00,2026-03-29 23:00:00,2026-07-10,2026-04-04,"Azure, Excel, GCP, Looker, Pandas, Snowflake, dbt",Stockholm
C4586808,Taylor Gustafsson,R006,interview,2026-03-29 23:00:00,2026-04-01 00:00:00,2026-07-10,2026-04-04,"AWS, Excel, GCP, Kubernetes, Looker, Node, Spark, dbt",Malmo
C4586808,Morgan Persson,R006,rejected,2026-04-01 00:00:00,,2026-07-10,2026-04-04,"Docker, FastAPI, GCP, Kubernetes, Power BI, SQL, Tableau, dbt",Remote
C6854340,Avery Olsson,R001,sourced,2026-01-06 15:00:00,2026-01-09 18:00:00,2026-02-18,2026-01-31,"Airflow, Azure, Kubernetes, Looker, PostgreSQL, Power BI",Stockholm
C6854340,Avery Berg,R001,screened,2026-01-09 18:00:00,2026-01-14 19:00:00,2026-02-18,2026-01-31,"Azure, FastAPI, Looker, React",Gothenburg
C6854340,Morgan Berg,R001,rejected,2026-01-14 19:00:00,,2026-02-18,2026-01-31,"AWS, Azure, Docker, Looker, Node, Pandas, Python, React",Gothenburg
C2788514,Taylor Eriksson,R005,sourced,2026-03-23 13:00:00,2026-03-30 20:00:00,2026-05-08,2026-03-29,"Airflow, Azure, FastAPI, Looker, Power BI, React, SQL, Snowflake",Uppsala
C2788514,Robin Karlsson,R005,screened,2026-03-30 20:00:00,2026-04-09 03:00:00,2026-05-08,2026-03-29,"GCP, PostgreSQL, Snowflake, Spark, Tableau",Uppsala
C2788514,Morgan Nilsson,R005,rejected,2026-04-09 03:00:00,,2026-05-08,2026-03-29,"Kubernetes, Looker, Power BI, Tableau",Malmo
C3752070,Sam Johansson,R001,sourced,2026-01-24 09:00:00,2026-01-26 11:00:00,2026-04-27,2026-02-22,"Azure, Kubernetes, Looker, PostgreSQL, Snowflake, dbt",Stockholm
C3752070,Avery Berg,R001,screened,2026-01-26 11:00:00,2026-01-31 11:00:00,2026-04-27,2026-02-22,"GCP, Python, React, Spark, dbt",Uppsala
C3752070,Skyler Johansson,R001,interview,2026-01-31 11:00:00,2026-02-08 17:00:00,2026-04-27,2026-02-22,"Kubernetes, React, Snowflake, Spark, dbt",Malmo
C3752070,Casey Larsson,R001,offer,2026-02-08 17:00:00,2026-02-14 21:00:00,2026-04-27,2026-02-22,"Docker, FastAPI, Pandas, Python, React, Snowflake",Remote
C3752070,Morgan Larsson,R001,hired,2026-02-14 21:00:00,,2026-04-27,2026-02-22,"FastAPI, Kubernetes, Node, Pandas, React, SQL",Gothenburg
C4109270,Taylor Eriksson,R005,sourced,2026-03-30 14:00:00,2026-04-03 14:00:00,2026-04-25,2026-04-25,"Excel, Looker, Python, React, SQL",Malmo
C4109270,Sam Svensson,R005,rejected,2026-04-03 14:00:00,,2026-04-25,2026-04-25,"AWS, Azure, Kubernetes, Looker, Node, Pandas, Python, SQL",Gothenburg
C4813646,Quinn Lind,R002,sourced,2026-01-25 15:00:00,2026-01-26 18:00:00,2026-05-10,2026-02-07,"AWS, Azure, Excel, Looker, React, Spark, Tableau",Malmo
C4813646,Riley Larsson,R002,screened,2026-01-26 18:00:00,2026-01-27 00:00:00,2026-05-10,2026-02-07,"Docker, Kubernetes, Pandas, Python, React, Snowflake, Spark, dbt",Stockholm
C4813646,Avery Svensson,R002,rejected,2026-01-27 00:00:00,,2026-05-10,2026-02-07,"AWS, Kubernetes, Looker, Power BI, React, SQL, Spark",Remote
C7934489,Taylor Svensson,R002,sourced,2026-01-31 15:00:00,2026-02-04 21:00:00,2026-02-10,2026-02-22,"Azure, FastAPI, Power BI, React, SQL, Spark, dbt",Uppsala
C7934489,Alex Andersson,R002,screened,2026-02-04 21:00:00,2026-02-08 21:00:00,2026-02-10,2026-02-22,"Airflow, Kubernetes, Looker, Node, SQL, Spark, Tableau, dbt",Stockholm
C7934489,Morgan Nilsson,R002,rejected,2026-02-08 21:00:00,,2026-02-10,2026-02-22,"Azure, Pandas, SQL, dbt",Uppsala
C8269092,Robin Persson,R001,sourced,2026-01-27 11:00:00,2026-01-29 12:00:00,2026-02-13,2026-02-17,"AWS, Looker, Power BI, Python, Tableau",Stockholm
C8269092,Quinn Svensson,R001,screened,2026-01-29 12:00:00,2026-01-31 19:00:00,2026-02-13,2026-02-17,"Docker, Excel, Python, React, SQL",Uppsala
C8269092,Jamie Gustafsson,R001,rejected,2026-01-31 19:00:00,,2026-02-13,2026-02-17,"Docker, Kubernetes, Power BI, React",Stockholm
C6359221,Alex Gustafsson,R005,sourced,2026-03-10 10:00:00,2026-03-14 15:00:00,2026-06-20,2026-03-18,"AWS, Airflow, GCP, Looker, PostgreSQL, React",Gothenburg
C6359221,Jamie Olsson,R005,screened,2026-03-14 15:00:00,2026-03-17 17:00:00,2026-06-20,2026-03-18,"Docker, Kubernetes, Looker, Python, Spark, dbt",Malmo
C6359221,Sam Nilsson,R005,rejected,2026-03-17 17:00:00,,2026-06-20,2026-03-18,"Airflow, Docker, GCP, Kubernetes, Tableau",Uppsala
C7196351,Casey Lind,R002,sourced,2025-12-29 12:00:00,2026-01-04 12:00:00,2026-04-01,2026-01-08,"Docker, FastAPI, Node, Python, React, Spark, Tableau",Malmo
C7196351,Drew Andersson,R002,rejected,2026-01-04 12:00:00,,2026-04-01,2026-01-08,"GCP, Power BI, Python, Snowflake, Tableau",Stockholm
C7460340,Drew Karlsson,R006,sourced,2026-02-17 12:00:00,2026-02-20 19:00:00,2026-04-06,2026-03-04,"Airflow, Docker, Kubernetes, Looker, Pandas, React, Snowflake, Tableau",Remote
C7460340,Drew Andersson,R006,rejected,2026-02-20 19:00:00,,2026-04-06,2026-03-04,"Excel, Kubernetes, PostgreSQL, Snowflake, Spark",Malmo
C7564913,Morgan Karlsson,R001,sourced,2026-01-12 15:00:00,2026-01-16 22:00:00,2026-03-17,2026-02-01,"Airflow, Docker, FastAPI, GCP, Python, Spark, dbt",Gothenburg
C7564913,Taylor Karlsson,R001,screened,2026-01-16 22:00:00,2026-01-23 04:00:00,2026-03-17,2026-02-01,"Docker, GCP, Looker, Node, Pandas",Remote
C7564913,Drew Johansson,R001,interview,2026-01-23 04:00:00,2026-02-07 09:00:00,2026-03-17,2026-02-01,"Docker, Pandas, PostgreSQL, React, Snowflake",Gothenburg
C7564913,Drew Persson,R001,rejected,2026-02-07 09:00:00,,2026-03-17,2026-02-01,"Azure, Docker, Looker, Pandas, SQL, Snowflake, Spark",Remote
C2447861,Alex Andersson,R005,sourced,2026-03-17 11:00:00,2026-03-17 13:00:00,2026-03-22,2026-03-22,"Excel, GCP, Power BI, Python, SQL, Snowflake, Tableau",Remote
C2447861,Drew Eriksson,R005,screened,2026-03-17 13:00:00,2026-03-19 20:00:00,2026-03-22,2026-03-22,"AWS, Excel, FastAPI, GCP, Kubernetes, Power BI, Python",Remote
C2447861,Jamie Lind,R005,interview,2026-03-19 20:00:00,2026-03-29 02:00:00,2026-03-22,2026-03-22,"Airflow, Excel, GCP, Node, dbt",Stockholm
C2447861,Skyler Berg,R005,rejected,2026-03-29 02:00:00,,2026-03-22,2026-03-22,"Docker, Kubernetes, Python, React, SQL, Tableau",Gothenburg
C0911114,Jamie Andersson,R001,sourced,2026-02-05 14:00:00,2026-02-10 21:00:00,2026-02-06,2026-02-13,"Airflow, Docker, FastAPI, Power BI, React, Spark",Remote
C0911114,Cameron Andersson,R001,screened,2026-02-10 21:00:00,2026-02-16 03:00:00,2026-02-06,2026-02-13,"AWS, FastAPI, GCP, Looker, Node, Pandas, SQL, Tableau",Remote
C0911114,Jamie Olsson,R001,rejected,2026-02-16 03:00:00,,2026-02-06,2026-02-13,"Airflow, Node, Tableau, dbt",Malmo
C8645618,Jordan Nilsson,R002,sourced,2026-01-10 09:00:00,2026-01-12 14:00:00,2026-03-13,2026-02-05,"AWS, Excel, Looker, Node, Pandas, Python, React, Spark",Gothenburg
C8645618,Skyler Lind,R002,screened,2026-01-12 14:00:00,2026-01-15 17:00:00,2026-03-13,2026-02-05,"Docker, Looker, React, SQL, Snowflake",Uppsala
C8645618,Morgan Johansson,R002,interview,2026-01-15 17:00:00,2026-01-20 00:00:00,2026-03-13,2026-02-05,"Docker, Pandas, Power BI, React, Snowflake, Spark, Tableau",Malmo
C8645618,Casey Berg,R002,offer,2026-01-20 00:00:00,2026-01-31 07:00:00,2026-03-13,2026-02-05,"Airflow, Excel, Pandas, Snowflake, dbt",Remote
C8645618,Quinn Svensson,R002,hired,2026-01-31 07:00:00,,2026-03-13,2026-02-05,"AWS, Excel, Looker, Node, Python, Snowflake",Remote
C4485584,Casey Nilsson,R001,sourced,2026-02-15 14:00:00,2026-02-17 18:00:00,2026-06-01,2026-02-28,"Excel, Pandas, SQL, Snowflake, Spark, Tableau",Remote
C4485584,Taylor Berg,R001,screened,2026-02-17 18:00:00,2026-02-22 20:00:00,2026-06-01,2026-02-28,"AWS, Azure, Docker, Excel, FastAPI",Remote
C4485584,Drew Eriksson,R001,interview,2026-02-22 20:00:00,2026-03-04 03:00:00,2026-06-01,2026-02-28,"Airflow, GCP, Node, Pandas, Snowflake, Spark",Gothenburg
C4485584,Quinn Berg,R001,offer,2026-03-04 03:00:00,2026-03-08 08:00:00,2026-06-01,2026-02-28,"GCP, Looker, PostgreSQL, SQL",Gothenburg
C4485584,Sam Karlsson,R001,rejected,2026-03-08 08:00:00,,2026-06-01,2026-02-28,"AWS, Airflow, FastAPI, GCP, Kubernetes, SQL, Snowflake, Tableau",Remote
C0229295,Casey Andersson,R001,sourced,2026-02-22 15:00:00,2026-02-22 20:00:00,2026-03-29,2026-03-10,"Docker, Node, Pandas, React, Snowflake, Spark, Tableau, dbt",Uppsala
C0229295,Jordan Gustafsson,R001,screened,2026-02-22 20:00:00,2026-03-01 03:00:00,2026-03-29,2026-03-10,"Airflow, Azure, Excel, FastAPI, Looker, Pandas, React, dbt",Stockholm
C0229295,Sam Larsson,R001,interview,2026-03-01 03:00:00,2026-03-13 04:00:00,2026-03-29,2026-03-10,"Airflow, Docker, Looker, Python, React, Snowflake, dbt",Stockholm
C0229295,Jordan Johansson,R001,offer,2026-03-13 04:00:00,2026-03-16 09:00:00,2026-03-29,2026-03-10,"Docker, GCP, Looker, PostgreSQL, Power BI",Stockholm
C0229295,Jordan Johansson,R001,hired,2026-03-16 09:00:00,,2026-03-29,2026-03-10,"Docker, Excel, GCP, Kubernetes, Looker, PostgreSQL, Snowflake",Stockholm
C0208715,Cameron Larsson,R006,sourced,2026-02-05 13:00:00,2026-02-08 13:00:00,2026-05-23,2026-03-03,"AWS, Azure, Excel, Kubernetes, Spark",Gothenburg
C0208715,Riley Eriksson,R006,screened,2026-02-08 13:00:00,2026-02-12 13:00:00,2026-05-23,2026-03-03,"Airflow, Docker, Node, React, Snowflake, Spark, Tableau, dbt",Remote
C0208715,Morgan Eriksson,R006,interview,2026-02-12 13:00:00,2026-02-27 15:00:00,2026-05-23,2026-03-03,"AWS, Docker, PostgreSQL, Python, React",Remote
C0208715,Avery Svensson,R006,rejected,2026-02-27 15:00:00,,2026-05-23,2026-03-03,"AWS, GCP, Kubernetes, Node, Pandas, Power BI, Spark, dbt",Uppsala
C2151743,Cameron Andersson,R006,sourced,2026-01-26 10:00:00,2026-01-30 16:00:00,2026-01-27,2026-02-16,"Airflow, Node, Python, Spark",Uppsala
C2151743,Jamie Johansson,R006,rejected,2026-01-30 16:00:00,,2026-01-27,2026-02-16,"Airflow, GCP, Looker, Power BI, SQL, Tableau",Gothenburg
C9055882,Taylor Gustafsson,R001,sourced,2026-01-28 14:00:00,2026-01-29 15:00:00,2026-05-23,2026-02-13,"AWS, Kubernetes, PostgreSQL, Python, Spark",Gothenburg
C9055882,Casey Persson,R001,rejected,2026-01-29 15:00:00,,2026-05-23,2026-02-13,"AWS, Azure, Docker, GCP, Node, Snowflake, dbt",Stockholm
C3334783,Robin Karlsson,R001,sourced,2026-01-15 14:00:00,2026-01-17 18:00:00,2026-01-22,2026-01-28,"Airflow, Azure, FastAPI, Snowflake, Tableau, dbt",Malmo
C3334783,Robin Berg,R001,screened,2026-01-17 18:00:00,2026-01-18 19:00:00,2026-01-22,2026-01-28,"AWS, Airflow, Excel, FastAPI, Node, Power BI, Snowflake, dbt",Stockholm
C3334783,Drew Gustafsson,R001,rejected,2026-01-18 19:00:00,,2026-01-22,2026-01-28,"Azure, Excel, FastAPI, Kubernetes, Looker, Node, Power BI",Uppsala
C6370330,Morgan Berg,R003,sourced,2026-03-28 13:00:00,2026-03-29 13:00:00,2026-07-07,2026-04-21,"PostgreSQL, Power BI, Python, React, Spark, Tableau",Stockholm
C6370330,Riley Andersson,R003,screened,2026-03-29 13:00:00,2026-04-01 19:00:00,2026-07-07,2026-04-21,"Kubernetes, Power BI, React, Tableau",Remote
C6370330,Robin Gustafsson,R003,rejected,2026-04-01 19:00:00,,2026-07-07,2026-04-21,"Airflow, Excel, GCP, Node, PostgreSQL, Power BI",Malmo
C8652307,Quinn Eriksson,R006,sourced,2026-03-16 15:00:00,2026-03-20 16:00:00,2026-04-22,2026-03-30,"AWS, Azure, Docker, Node, Pandas, Tableau",Remote
C8652307,Casey Karlsson,R006,screened,2026-03-20 16:00:00,2026-04-01 18:00:00,2026-04-22,2026-03-30,"AWS, Excel, FastAPI, GCP, Kubernetes, Pandas, PostgreSQL",Remote
C8652307,Casey Larsson,R006,rejected,2026-04-01 18:00:00,,2026-04-22,2026-03-30,"Docker, GCP, Node, Pandas, Python, Snowflake, Spark",Uppsala
C4033719,Jamie Gustafsson,R005,sourced,2026-02-16 14:00:00,2026-02-16 19:00:00,2026-02-16,2026-03-12,"Azure, GCP, Looker, PostgreSQL, Python, React, Spark, dbt",Gothenburg
C4033719,Drew Lind,R005,rejected,2026-02-16 19:00:00,,2026-02-16,2026-03-12,"Azure, Docker, Looker, Python, SQL, Spark, dbt",Remote
C6242802,Cameron Berg,R006,sourced,2026-02-25 15:00:00,2026-03-02 19:00:00,2026-04-14,2026-02-27,"Airflow, Looker, Node, React, SQL, Snowflake",Malmo
C6242802,Jordan Gustafsson,R006,screened,2026-03-02 19:00:00,2026-03-06 19:00:00,2026-04-14,2026-02-27,"Azure, Excel, Kubernetes, Looker, Pandas, Spark, Tableau",Uppsala
C6242802,Alex Lind,R006,rejected,2026-03-06 19:00:00,,2026-04-14,2026-02-27,"AWS, Azure, GCP, Looker, Node, Pandas, PostgreSQL, React",Gothenburg
C3017828,Casey Svensson,R006,sourced,2026-02-24 11:00:00,2026-02-27 14:00:00,2026-04-19,2026-03-16,"Docker, Excel, Kubernetes, Node, Power BI, SQL",Uppsala
C3017828,Morgan Andersson,R006,screened,2026-02-27 14:00:00,2026-03-02 15:00:00,2026-04-19,2026-03-16,"Docker, Excel, Pandas, dbt",Stockholm
C3017828,Taylor Nilsson,R006,rejected,2026-03-02 15:00:00,,2026-04-19,2026-03-16,"Airflow, Excel, FastAPI, Kubernetes, Node",Gothenburg
C9051485,Jordan Eriksson,R001,sourced,2026-01-30 09:00:00,2026-02-02 13:00:00,2026-05-23,2026-02-10,"Kubernetes, Looker, Node, Pandas, PostgreSQL, Power BI, React, Snowflake",Remote
C9051485,Jamie Nilsson,R001,screened,2026-02-02 13:00:00,2026-02-09 14:00:00,2026-05-23,2026-02-10,"Excel, GCP, Kubernetes, Node, Power BI",Gothenburg
C9051485,Jordan Lind,R001,interview,2026-02-09 14:00:00,2026-02-16 15:00:00,2026-05-23,2026-02-10,"FastAPI, Kubernetes, Node, Power BI, SQL, Spark, Tableau",Malmo
C9051485,Avery Johansson,R001,rejected,2026-02-16 15:00:00,,2026-05-23,2026-02-10,"AWS, Docker, Excel, FastAPI, GCP, Power BI, React, Tableau",Gothenburg
C4844444,Cameron Karlsson,R006,sourced,2026-03-14 14:00:00,2026-03-16 14:00:00,2026-03-18,2026-03-15,"Kubernetes, Python, React, Tableau",Stockholm
C4844444,Robin Eriksson,R006,screened,2026-03-16 14:00:00,2026-03-16 19:00:00,2026-03-18,2026-03-15,"Airflow, Pandas, Power BI, Python, Spark",Uppsala
C4844444,Alex Olsson,R006,rejected,2026-03-16 19:00:00,,2026-03-18,2026-03-15,"Azure, Excel, Python, Snowflake",Uppsala
C9641901,Morgan Karlsson,R001,sourced,2026-02-07 10:00:00,2026-02-10 16:00:00,2026-02-19,2026-02-24,"FastAPI, Power BI, SQL, Snowflake, Spark",Malmo
C9641901,Quinn Johansson,R001,screened,2026-02-10 16:00:00,2026-02-19 20:00:00,2026-02-19,2026-02-24,"AWS, Airflow, Looker, Pandas, SQL, Snowflake",Gothenburg
C9641901,Alex Svensson,R001,interview,2026-02-19 20:00:00,2026-03-01 02:00:00,2026-02-19,2026-02-24,"AWS, Airflow, Docker, PostgreSQL, Spark, dbt",Remote
C9641901,Alex Nilsson,R001,offer,2026-03-01 02:00:00,2026-03-01 07:00:00,2026-02-19,2026-02-24,"Azure, Looker, Node, Power BI, React, Tableau, dbt",Gothenburg
C9641901,Casey Lind,R001,hired,2026-03-01 07:00:00,,2026-02-19,2026-02-24,"AWS, Azure, FastAPI, GCP, Pandas, React",Remote
C9685010,Sam Gustafsson,R003,sourced,2026-03-23 15:00:00,2026-03-23 19:00:00,2026-05-16,2026-04-13,"AWS, Azure, Excel, Kubernetes, Python, Snowflake, Tableau, dbt",Uppsala
C9685010,Alex Olsson,R003,screened,2026-03-23 19:00:00,2026-03-28 00:00:00,2026-05-16,2026-04-13,"Docker, Excel, Node, Python, Snowflake",Uppsala
C9685010,Jamie Karlsson,R003,rejected,2026-03-28 00:00:00,,2026-05-16,2026-04-13,"Azure, GCP, Pandas, SQL, Snowflake",Stockholm
C0344610,Morgan Olsson,R001,sourced,2026-02-06 16:00:00,2026-02-08 22:00:00,2026-02-26,2026-02-16,"AWS, Docker, Excel, Looker, PostgreSQL, React, dbt",Remote
C0344610,Avery Gustafsson,R001,screened,2026-02-08 22:00:00,2026-02-15 23:00:00,2026-02-26,2026-02-16,"AWS, Airflow, FastAPI, GCP, Pandas, SQL, Spark, dbt",Stockholm
C0344610,Jamie Gustafsson,R001,interview,2026-02-15 23:00:00,2026-02-19 01:00:00,2026-02-26,2026-02-16,"Azure, Excel, GCP, Kubernetes, PostgreSQL, Power BI, React, Snowflake",Malmo
C0344610,Drew Larsson,R001,offer,2026-02-19 01:00:00,2026-03-01 06:00:00,2026-02-26,2026-02-16,"GCP, Node, SQL, Snowflake, Tableau",Uppsala
C0344610,Taylor Larsson,R001,hired,2026-03-01 06:00:00,,2026-02-26,2026-02-16,"AWS, Azure, Kubernetes, Node, Python, Snowflake, Spark",Malmo
C8161537,Riley Olsson,R001,sourced,2026-02-01 12:00:00,2026-02-02 12:00:00,2026-04-23,2026-02-15,"Airflow, FastAPI, Looker, dbt",Stockholm
C8161537,Robin Gustafsson,R001,rejected,2026-02-02 12:00:00,,2026-04-23,2026-02-15,"Power BI, Python, SQL, Spark",Uppsala
C2615194,Avery Berg,R005,sourced,2026-02-23 16:00:00,2026-02-24 20:00:00,2026-03-02,2026-03-18,"AWS, GCP, Looker, PostgreSQL",Malmo
C2615194,Robin Nilsson,R005,screened,2026-02-24 20:00:00,2026-02-25 21:00:00,2026-03-02,2026-03-18,"Airflow, Excel, Python, React",Uppsala
C2615194,Cameron Nilsson,R005,interview,2026-02-25 21:00:00,2026-03-05 21:00:00,2026-03-02,2026-03-18,"FastAPI, GCP, Kubernetes, Looker, Pandas, Power BI, Snowflake, Tableau",Malmo
C2615194,Quinn Lind,R005,rejected,2026-03-05 21:00:00,,2026-03-02,2026-03-18,"Airflow, Azure, Excel, Pandas, Python, Tableau, dbt",Gothenburg
C8003495,Robin Lind,R003,sourced,2026-03-03 15:00:00,2026-03-06 18:00:00,2026-03-31,2026-03-29,"FastAPI, GCP, Kubernetes, Looker, PostgreSQL, React, SQL",Uppsala
C8003495,Skyler Olsson,R003,screened,2026-03-06 18:00:00,2026-03-08 19:00:00,2026-03-31,2026-03-29,"Excel, GCP, Looker, Pandas, PostgreSQL, Tableau, dbt",Uppsala
C8003495,Cameron Karlsson,R003,rejected,2026-03-08 19:00:00,,2026-03-31,2026-03-29,"FastAPI, GCP, Looker, Power BI, React, Spark, dbt",Stockholm
C1006901,Drew Karlsson,R001,sourced,2026-01-27 12:00:00,2026-01-27 12:00:00,2026-02-08,2026-02-14,"Docker, GCP, Looker, Power BI, Python, SQL, dbt",Malmo
C1006901,Jamie Gustafsson,R001,screened,2026-01-27 12:00:00,2026-02-05 18:00:00,2026-02-08,2026-02-14,"Airflow, Looker, Pandas, Spark",Gothenburg
C1006901,Taylor Lind,R001,interview,2026-02-05 18:00:00,2026-02-15 01:00:00,2026-02-08,2026-02-14,"Docker, Pandas, PostgreSQL, React, Tableau",Malmo
C1006901,Skyler Olsson,R001,rejected,2026-02-15 01:00:00,,2026-02-08,2026-02-14,"AWS, Excel, GCP, Snowflake",Stockholm
C4213949,Robin Eriksson,R006,sourced,2026-03-11 12:00:00,2026-03-12 17:00:00,2026-06-27,2026-03-21,"Airflow, FastAPI, Looker, PostgreSQL, dbt",Malmo
C4213949,Skyler Gustafsson,R006,screened,2026-03-12 17:00:00,2026-03-17 17:00:00,2026-06-27,2026-03-21,"AWS, Excel, React, Tableau",Gothenburg
C4213949,Taylor Nilsson,R006,rejected,2026-03-17 17:00:00,,2026-06-27,2026-03-21,"AWS, Node, Power BI, Python",Gothenburg
C1325328,Robin Karlsson,R006,sourced,2026-02-25 12:00:00,2026-03-01 18:00:00,2026-03-13,2026-02-27,"Docker, Looker, Power BI, Python, Snowflake, Spark, Tableau",Remote
C1325328,Robin Karlsson,R006,screened,2026-03-01 18:00:00,2026-03-06 00:00:00,2026-03-13,2026-02-27,"Airflow, Azure, Excel, GCP, Node, SQL, Tableau",Stockholm
C1325328,Taylor Svensson,R006,interview,2026-03-06 00:00:00,2026-03-20 06:00:00,2026-03-13,2026-02-27,"Airflow, Azure, Excel, Looker, Node",Uppsala
C1325328,Casey Lind,R006,offer,2026-03-20 06:00:00,2026-03-23 07:00:00,2026-03-13,2026-02-27,"Azure, Excel, Node, Python, SQL",Remote
C1325328,Riley Larsson,R006,hired,2026-03-23 07:00:00,,2026-03-13,2026-02-27,"Kubernetes, Looker, Node, Pandas, Tableau, dbt",Gothenburg
